
CREATE TABLE regions (
	id INTEGER NOT NULL, 
	identifier VARCHAR(16) NOT NULL, 
	PRIMARY KEY (id)
);
CREATE TABLE generations (
	id INTEGER NOT NULL, 
	main_region_id INTEGER NOT NULL, 
	identifier VARCHAR(16) NOT NULL, 
	PRIMARY KEY (id), 
	FOREIGN KEY(main_region_id) REFERENCES regions (id)
);
CREATE TABLE abilities (
	id INTEGER NOT NULL, 
	identifier VARCHAR(24) NOT NULL, 
	generation_id INTEGER NOT NULL, 
	is_main_series BOOLEAN NOT NULL, 
	PRIMARY KEY (id), 
	FOREIGN KEY(generation_id) REFERENCES generations (id), 
	CHECK (is_main_series IN (0, 1))
);
CREATE TABLE item_pockets (
	id INTEGER NOT NULL, 
	identifier VARCHAR(16) NOT NULL, 
	PRIMARY KEY (id)
);
CREATE TABLE item_categories (
	id INTEGER NOT NULL, 
	pocket_id INTEGER NOT NULL, 
	identifier VARCHAR(16) NOT NULL, 
	PRIMARY KEY (id), 
	FOREIGN KEY(pocket_id) REFERENCES item_pockets (id)
);
CREATE TABLE item_fling_effects (
	id INTEGER NOT NULL, 
	PRIMARY KEY (id)
);

CREATE TABLE items (
	id INTEGER NOT NULL, 
	identifier VARCHAR(20) NOT NULL, 
	category_id INTEGER NOT NULL, 
	cost INTEGER NOT NULL, 
	fling_power INTEGER, 
	fling_effect_id INTEGER, 
	PRIMARY KEY (id), 
	FOREIGN KEY(category_id) REFERENCES item_categories (id), 
	FOREIGN KEY(fling_effect_id) REFERENCES item_fling_effects (id)
);

CREATE TABLE evolution_chains (
	id INTEGER NOT NULL, 
	baby_trigger_item_id INTEGER, 
	PRIMARY KEY (id), 
	FOREIGN KEY(baby_trigger_item_id) REFERENCES items (id)
);


INSERT INTO regions VALUES(1,'kanto');
INSERT INTO regions VALUES(2,'johto');
INSERT INTO regions VALUES(3,'hoenn');
INSERT INTO regions VALUES(4,'sinnoh');
INSERT INTO regions VALUES(5,'unova');
INSERT INTO regions VALUES(6,'kalos');

INSERT INTO generations VALUES(1,1,'generation-i');
INSERT INTO generations VALUES(2,2,'generation-ii');
INSERT INTO generations VALUES(3,3,'generation-iii');
INSERT INTO generations VALUES(4,4,'generation-iv');
INSERT INTO generations VALUES(5,5,'generation-v');
INSERT INTO generations VALUES(6,6,'generation-vi');

INSERT INTO abilities VALUES(1,'stench',3,1);
INSERT INTO abilities VALUES(2,'drizzle',3,1);
INSERT INTO abilities VALUES(3,'speed-boost',3,1);
INSERT INTO abilities VALUES(4,'battle-armor',3,1);
INSERT INTO abilities VALUES(5,'sturdy',3,1);
INSERT INTO abilities VALUES(6,'damp',3,1);
INSERT INTO abilities VALUES(7,'limber',3,1);
INSERT INTO abilities VALUES(8,'sand-veil',3,1);
INSERT INTO abilities VALUES(9,'static',3,1);
INSERT INTO abilities VALUES(10,'volt-absorb',3,1);
INSERT INTO abilities VALUES(11,'water-absorb',3,1);
INSERT INTO abilities VALUES(12,'oblivious',3,1);
INSERT INTO abilities VALUES(13,'cloud-nine',3,1);
INSERT INTO abilities VALUES(14,'compoundeyes',3,1);
INSERT INTO abilities VALUES(15,'insomnia',3,1);
INSERT INTO abilities VALUES(16,'color-change',3,1);
INSERT INTO abilities VALUES(17,'immunity',3,1);
INSERT INTO abilities VALUES(18,'flash-fire',3,1);
INSERT INTO abilities VALUES(19,'shield-dust',3,1);
INSERT INTO abilities VALUES(20,'own-tempo',3,1);
INSERT INTO abilities VALUES(21,'suction-cups',3,1);
INSERT INTO abilities VALUES(22,'intimidate',3,1);
INSERT INTO abilities VALUES(23,'shadow-tag',3,1);
INSERT INTO abilities VALUES(24,'rough-skin',3,1);
INSERT INTO abilities VALUES(25,'wonder-guard',3,1);
INSERT INTO abilities VALUES(26,'levitate',3,1);
INSERT INTO abilities VALUES(27,'effect-spore',3,1);
INSERT INTO abilities VALUES(28,'synchronize',3,1);
INSERT INTO abilities VALUES(29,'clear-body',3,1);
INSERT INTO abilities VALUES(30,'natural-cure',3,1);
INSERT INTO abilities VALUES(31,'lightningrod',3,1);
INSERT INTO abilities VALUES(32,'serene-grace',3,1);
INSERT INTO abilities VALUES(33,'swift-swim',3,1);
INSERT INTO abilities VALUES(34,'chlorophyll',3,1);
INSERT INTO abilities VALUES(35,'illuminate',3,1);
INSERT INTO abilities VALUES(36,'trace',3,1);
INSERT INTO abilities VALUES(37,'huge-power',3,1);
INSERT INTO abilities VALUES(38,'poison-point',3,1);
INSERT INTO abilities VALUES(39,'inner-focus',3,1);
INSERT INTO abilities VALUES(40,'magma-armor',3,1);
INSERT INTO abilities VALUES(41,'water-veil',3,1);
INSERT INTO abilities VALUES(42,'magnet-pull',3,1);
INSERT INTO abilities VALUES(43,'soundproof',3,1);
INSERT INTO abilities VALUES(44,'rain-dish',3,1);
INSERT INTO abilities VALUES(45,'sand-stream',3,1);
INSERT INTO abilities VALUES(46,'pressure',3,1);
INSERT INTO abilities VALUES(47,'thick-fat',3,1);
INSERT INTO abilities VALUES(48,'early-bird',3,1);
INSERT INTO abilities VALUES(49,'flame-body',3,1);
INSERT INTO abilities VALUES(50,'run-away',3,1);
INSERT INTO abilities VALUES(51,'keen-eye',3,1);
INSERT INTO abilities VALUES(52,'hyper-cutter',3,1);
INSERT INTO abilities VALUES(53,'pickup',3,1);
INSERT INTO abilities VALUES(54,'truant',3,1);
INSERT INTO abilities VALUES(55,'hustle',3,1);
INSERT INTO abilities VALUES(56,'cute-charm',3,1);
INSERT INTO abilities VALUES(57,'plus',3,1);
INSERT INTO abilities VALUES(58,'minus',3,1);
INSERT INTO abilities VALUES(59,'forecast',3,1);
INSERT INTO abilities VALUES(60,'sticky-hold',3,1);
INSERT INTO abilities VALUES(61,'shed-skin',3,1);
INSERT INTO abilities VALUES(62,'guts',3,1);
INSERT INTO abilities VALUES(63,'marvel-scale',3,1);
INSERT INTO abilities VALUES(64,'liquid-ooze',3,1);
INSERT INTO abilities VALUES(65,'overgrow',3,1);
INSERT INTO abilities VALUES(66,'blaze',3,1);
INSERT INTO abilities VALUES(67,'torrent',3,1);
INSERT INTO abilities VALUES(68,'swarm',3,1);
INSERT INTO abilities VALUES(69,'rock-head',3,1);
INSERT INTO abilities VALUES(70,'drought',3,1);
INSERT INTO abilities VALUES(71,'arena-trap',3,1);
INSERT INTO abilities VALUES(72,'vital-spirit',3,1);
INSERT INTO abilities VALUES(73,'white-smoke',3,1);
INSERT INTO abilities VALUES(74,'pure-power',3,1);
INSERT INTO abilities VALUES(75,'shell-armor',3,1);
INSERT INTO abilities VALUES(76,'air-lock',3,1);
INSERT INTO abilities VALUES(77,'tangled-feet',4,1);
INSERT INTO abilities VALUES(78,'motor-drive',4,1);
INSERT INTO abilities VALUES(79,'rivalry',4,1);
INSERT INTO abilities VALUES(80,'steadfast',4,1);
INSERT INTO abilities VALUES(81,'snow-cloak',4,1);
INSERT INTO abilities VALUES(82,'gluttony',4,1);
INSERT INTO abilities VALUES(83,'anger-point',4,1);
INSERT INTO abilities VALUES(84,'unburden',4,1);
INSERT INTO abilities VALUES(85,'heatproof',4,1);
INSERT INTO abilities VALUES(86,'simple',4,1);
INSERT INTO abilities VALUES(87,'dry-skin',4,1);
INSERT INTO abilities VALUES(88,'download',4,1);
INSERT INTO abilities VALUES(89,'iron-fist',4,1);
INSERT INTO abilities VALUES(90,'poison-heal',4,1);
INSERT INTO abilities VALUES(91,'adaptability',4,1);
INSERT INTO abilities VALUES(92,'skill-link',4,1);
INSERT INTO abilities VALUES(93,'hydration',4,1);
INSERT INTO abilities VALUES(94,'solar-power',4,1);
INSERT INTO abilities VALUES(95,'quick-feet',4,1);
INSERT INTO abilities VALUES(96,'normalize',4,1);
INSERT INTO abilities VALUES(97,'sniper',4,1);
INSERT INTO abilities VALUES(98,'magic-guard',4,1);
INSERT INTO abilities VALUES(99,'no-guard',4,1);
INSERT INTO abilities VALUES(100,'stall',4,1);
INSERT INTO abilities VALUES(101,'technician',4,1);
INSERT INTO abilities VALUES(102,'leaf-guard',4,1);
INSERT INTO abilities VALUES(103,'klutz',4,1);
INSERT INTO abilities VALUES(104,'mold-breaker',4,1);
INSERT INTO abilities VALUES(105,'super-luck',4,1);
INSERT INTO abilities VALUES(106,'aftermath',4,1);
INSERT INTO abilities VALUES(107,'anticipation',4,1);
INSERT INTO abilities VALUES(108,'forewarn',4,1);
INSERT INTO abilities VALUES(109,'unaware',4,1);
INSERT INTO abilities VALUES(110,'tinted-lens',4,1);
INSERT INTO abilities VALUES(111,'filter',4,1);
INSERT INTO abilities VALUES(112,'slow-start',4,1);
INSERT INTO abilities VALUES(113,'scrappy',4,1);
INSERT INTO abilities VALUES(114,'storm-drain',4,1);
INSERT INTO abilities VALUES(115,'ice-body',4,1);
INSERT INTO abilities VALUES(116,'solid-rock',4,1);
INSERT INTO abilities VALUES(117,'snow-warning',4,1);
INSERT INTO abilities VALUES(118,'honey-gather',4,1);
INSERT INTO abilities VALUES(119,'frisk',4,1);
INSERT INTO abilities VALUES(120,'reckless',4,1);
INSERT INTO abilities VALUES(121,'multitype',4,1);
INSERT INTO abilities VALUES(122,'flower-gift',4,1);
INSERT INTO abilities VALUES(123,'bad-dreams',4,1);
INSERT INTO abilities VALUES(124,'pickpocket',5,1);
INSERT INTO abilities VALUES(125,'sheer-force',5,1);
INSERT INTO abilities VALUES(126,'contrary',5,1);
INSERT INTO abilities VALUES(127,'unnerve',5,1);
INSERT INTO abilities VALUES(128,'defiant',5,1);
INSERT INTO abilities VALUES(129,'defeatist',5,1);
INSERT INTO abilities VALUES(130,'cursed-body',5,1);
INSERT INTO abilities VALUES(131,'healer',5,1);
INSERT INTO abilities VALUES(132,'friend-guard',5,1);
INSERT INTO abilities VALUES(133,'weak-armor',5,1);
INSERT INTO abilities VALUES(134,'heavy-metal',5,1);
INSERT INTO abilities VALUES(135,'light-metal',5,1);
INSERT INTO abilities VALUES(136,'multiscale',5,1);
INSERT INTO abilities VALUES(137,'toxic-boost',5,1);
INSERT INTO abilities VALUES(138,'flare-boost',5,1);
INSERT INTO abilities VALUES(139,'harvest',5,1);
INSERT INTO abilities VALUES(140,'telepathy',5,1);
INSERT INTO abilities VALUES(141,'moody',5,1);
INSERT INTO abilities VALUES(142,'overcoat',5,1);
INSERT INTO abilities VALUES(143,'poison-touch',5,1);
INSERT INTO abilities VALUES(144,'regenerator',5,1);
INSERT INTO abilities VALUES(145,'big-pecks',5,1);
INSERT INTO abilities VALUES(146,'sand-rush',5,1);
INSERT INTO abilities VALUES(147,'wonder-skin',5,1);
INSERT INTO abilities VALUES(148,'analytic',5,1);
INSERT INTO abilities VALUES(149,'illusion',5,1);
INSERT INTO abilities VALUES(150,'imposter',5,1);
INSERT INTO abilities VALUES(151,'infiltrator',5,1);
INSERT INTO abilities VALUES(152,'mummy',5,1);
INSERT INTO abilities VALUES(153,'moxie',5,1);
INSERT INTO abilities VALUES(154,'justified',5,1);
INSERT INTO abilities VALUES(155,'rattled',5,1);
INSERT INTO abilities VALUES(156,'magic-bounce',5,1);
INSERT INTO abilities VALUES(157,'sap-sipper',5,1);
INSERT INTO abilities VALUES(158,'prankster',5,1);
INSERT INTO abilities VALUES(159,'sand-force',5,1);
INSERT INTO abilities VALUES(160,'iron-barbs',5,1);
INSERT INTO abilities VALUES(161,'zen-mode',5,1);
INSERT INTO abilities VALUES(162,'victory-star',5,1);
INSERT INTO abilities VALUES(163,'turboblaze',5,1);
INSERT INTO abilities VALUES(164,'teravolt',5,1);
INSERT INTO abilities VALUES(165,'aroma-veil',6,1);
INSERT INTO abilities VALUES(166,'flower-veil',6,1);
INSERT INTO abilities VALUES(167,'cheek-pouch',6,1);
INSERT INTO abilities VALUES(168,'protean',6,1);
INSERT INTO abilities VALUES(169,'fur-coat',6,1);
INSERT INTO abilities VALUES(170,'magician',6,1);
INSERT INTO abilities VALUES(171,'bulletproof',6,1);
INSERT INTO abilities VALUES(172,'competitive',6,1);
INSERT INTO abilities VALUES(173,'strong-jaw',6,1);
INSERT INTO abilities VALUES(174,'refrigerate',6,1);
INSERT INTO abilities VALUES(175,'sweet-veil',6,1);
INSERT INTO abilities VALUES(176,'stance-change',6,1);
INSERT INTO abilities VALUES(177,'gale-wings',6,1);
INSERT INTO abilities VALUES(178,'mega-launcher',6,1);
INSERT INTO abilities VALUES(179,'grass-pelt',6,1);
INSERT INTO abilities VALUES(180,'symbiosis',6,1);
INSERT INTO abilities VALUES(181,'tough-claws',6,1);
INSERT INTO abilities VALUES(182,'pixilate',6,1);
INSERT INTO abilities VALUES(183,'gooey',6,1);
INSERT INTO abilities VALUES(184,'parental-bond',6,1);
INSERT INTO abilities VALUES(185,'aerilate',6,1);
INSERT INTO abilities VALUES(186,'dark-aura',6,1);
INSERT INTO abilities VALUES(187,'fairy-aura',6,1);
INSERT INTO abilities VALUES(188,'aura-break',6,1);
INSERT INTO abilities VALUES(10001,'mountaineer',5,0);
INSERT INTO abilities VALUES(10002,'wave-rider',5,0);
INSERT INTO abilities VALUES(10003,'skater',5,0);
INSERT INTO abilities VALUES(10004,'thrust',5,0);
INSERT INTO abilities VALUES(10005,'perception',5,0);
INSERT INTO abilities VALUES(10006,'parry',5,0);
INSERT INTO abilities VALUES(10007,'instinct',5,0);
INSERT INTO abilities VALUES(10008,'dodge',5,0);
INSERT INTO abilities VALUES(10009,'jagged-edge',5,0);
INSERT INTO abilities VALUES(10010,'frostbite',5,0);
INSERT INTO abilities VALUES(10011,'tenacity',5,0);
INSERT INTO abilities VALUES(10012,'pride',5,0);
INSERT INTO abilities VALUES(10013,'deep-sleep',5,0);
INSERT INTO abilities VALUES(10014,'power-nap',5,0);
INSERT INTO abilities VALUES(10015,'spirit',5,0);
INSERT INTO abilities VALUES(10016,'warm-blanket',5,0);
INSERT INTO abilities VALUES(10017,'gulp',5,0);
INSERT INTO abilities VALUES(10018,'herbivore',5,0);
INSERT INTO abilities VALUES(10019,'sandpit',5,0);
INSERT INTO abilities VALUES(10020,'hot-blooded',5,0);
INSERT INTO abilities VALUES(10021,'medic',5,0);
INSERT INTO abilities VALUES(10022,'life-force',5,0);
INSERT INTO abilities VALUES(10023,'lunchbox',5,0);
INSERT INTO abilities VALUES(10024,'nurse',5,0);
INSERT INTO abilities VALUES(10025,'melee',5,0);
INSERT INTO abilities VALUES(10026,'sponge',5,0);
INSERT INTO abilities VALUES(10027,'bodyguard',5,0);
INSERT INTO abilities VALUES(10028,'hero',5,0);
INSERT INTO abilities VALUES(10029,'last-bastion',5,0);
INSERT INTO abilities VALUES(10030,'stealth',5,0);
INSERT INTO abilities VALUES(10031,'vanguard',5,0);
INSERT INTO abilities VALUES(10032,'nomad',5,0);
INSERT INTO abilities VALUES(10033,'sequence',5,0);
INSERT INTO abilities VALUES(10034,'grass-cloak',5,0);
INSERT INTO abilities VALUES(10035,'celebrate',5,0);
INSERT INTO abilities VALUES(10036,'lullaby',5,0);
INSERT INTO abilities VALUES(10037,'calming',5,0);
INSERT INTO abilities VALUES(10038,'daze',5,0);
INSERT INTO abilities VALUES(10039,'frighten',5,0);
INSERT INTO abilities VALUES(10040,'interference',5,0);
INSERT INTO abilities VALUES(10041,'mood-maker',5,0);
INSERT INTO abilities VALUES(10042,'confidence',5,0);
INSERT INTO abilities VALUES(10043,'fortune',5,0);
INSERT INTO abilities VALUES(10044,'bonanza',5,0);
INSERT INTO abilities VALUES(10045,'explode',5,0);
INSERT INTO abilities VALUES(10046,'omnipotent',5,0);
INSERT INTO abilities VALUES(10047,'share',5,0);
INSERT INTO abilities VALUES(10048,'black-hole',5,0);
INSERT INTO abilities VALUES(10049,'shadow-dash',5,0);
INSERT INTO abilities VALUES(10050,'sprint',5,0);
INSERT INTO abilities VALUES(10051,'disgust',5,0);
INSERT INTO abilities VALUES(10052,'high-rise',5,0);
INSERT INTO abilities VALUES(10053,'climber',5,0);
INSERT INTO abilities VALUES(10054,'flame-boost',5,0);
INSERT INTO abilities VALUES(10055,'aqua-boost',5,0);
INSERT INTO abilities VALUES(10056,'run-up',5,0);
INSERT INTO abilities VALUES(10057,'conqueror',5,0);
INSERT INTO abilities VALUES(10058,'shackle',5,0);
INSERT INTO abilities VALUES(10059,'decoy',5,0);
INSERT INTO abilities VALUES(10060,'shield',5,0);

INSERT INTO item_pockets VALUES(1,'misc');
INSERT INTO item_pockets VALUES(2,'medicine');
INSERT INTO item_pockets VALUES(3,'pokeballs');
INSERT INTO item_pockets VALUES(4,'machines');
INSERT INTO item_pockets VALUES(5,'berries');
INSERT INTO item_pockets VALUES(6,'mail');
INSERT INTO item_pockets VALUES(7,'battle');
INSERT INTO item_pockets VALUES(8,'key');

INSERT INTO item_categories VALUES(1,7,'stat-boosts');
INSERT INTO item_categories VALUES(2,5,'effort-drop');
INSERT INTO item_categories VALUES(3,5,'medicine');
INSERT INTO item_categories VALUES(4,5,'other');
INSERT INTO item_categories VALUES(5,5,'in-a-pinch');
INSERT INTO item_categories VALUES(6,5,'picky-healing');
INSERT INTO item_categories VALUES(7,5,'type-protection');
INSERT INTO item_categories VALUES(8,5,'baking-only');
INSERT INTO item_categories VALUES(9,1,'collectibles');
INSERT INTO item_categories VALUES(10,1,'evolution');
INSERT INTO item_categories VALUES(11,1,'spelunking');
INSERT INTO item_categories VALUES(12,1,'held-items');
INSERT INTO item_categories VALUES(13,1,'choice');
INSERT INTO item_categories VALUES(14,1,'effort-training');
INSERT INTO item_categories VALUES(15,1,'bad-held-items');
INSERT INTO item_categories VALUES(16,1,'training');
INSERT INTO item_categories VALUES(17,1,'plates');
INSERT INTO item_categories VALUES(18,1,'species-specific');
INSERT INTO item_categories VALUES(19,1,'type-enhancement');
INSERT INTO item_categories VALUES(20,8,'event-items');
INSERT INTO item_categories VALUES(21,8,'gameplay');
INSERT INTO item_categories VALUES(22,8,'plot-advancement');
INSERT INTO item_categories VALUES(23,8,'unused');
INSERT INTO item_categories VALUES(24,1,'loot');
INSERT INTO item_categories VALUES(25,6,'');
INSERT INTO item_categories VALUES(26,2,'vitamins');
INSERT INTO item_categories VALUES(27,2,'healing');
INSERT INTO item_categories VALUES(28,2,'pp-recovery');
INSERT INTO item_categories VALUES(29,2,'revival');
INSERT INTO item_categories VALUES(30,2,'status-cures');
INSERT INTO item_categories VALUES(32,1,'mulch');
INSERT INTO item_categories VALUES(33,3,'special-balls');
INSERT INTO item_categories VALUES(34,3,'standard-balls');
INSERT INTO item_categories VALUES(35,1,'dex-completion');
INSERT INTO item_categories VALUES(36,1,'scarves');
INSERT INTO item_categories VALUES(37,4,'');
INSERT INTO item_categories VALUES(38,7,'flutes');
INSERT INTO item_categories VALUES(39,3,'apricorn-balls');
INSERT INTO item_categories VALUES(40,8,'apricorn-box');
INSERT INTO item_categories VALUES(41,8,'data-cards');
INSERT INTO item_categories VALUES(42,1,'jewels');
INSERT INTO item_categories VALUES(43,7,'miracle-shooter');
INSERT INTO item_categories VALUES(44,1,'mega-stones');
INSERT INTO item_categories VALUES(10001,8,'xy-unknown');

INSERT INTO item_fling_effects VALUES(1);
INSERT INTO item_fling_effects VALUES(2);
INSERT INTO item_fling_effects VALUES(3);
INSERT INTO item_fling_effects VALUES(4);
INSERT INTO item_fling_effects VALUES(5);
INSERT INTO item_fling_effects VALUES(6);
INSERT INTO item_fling_effects VALUES(7);

INSERT INTO items VALUES(1,'master-ball',34,0,NULL,NULL);
INSERT INTO items VALUES(2,'ultra-ball',34,1200,NULL,NULL);
INSERT INTO items VALUES(3,'great-ball',34,600,NULL,NULL);
INSERT INTO items VALUES(4,'poke-ball',34,200,NULL,NULL);
INSERT INTO items VALUES(5,'safari-ball',34,0,NULL,NULL);
INSERT INTO items VALUES(6,'net-ball',33,1000,NULL,NULL);
INSERT INTO items VALUES(7,'dive-ball',33,1000,NULL,NULL);
INSERT INTO items VALUES(8,'nest-ball',33,1000,NULL,NULL);
INSERT INTO items VALUES(9,'repeat-ball',33,1000,NULL,NULL);
INSERT INTO items VALUES(10,'timer-ball',33,1000,NULL,NULL);
INSERT INTO items VALUES(11,'luxury-ball',33,1000,NULL,NULL);
INSERT INTO items VALUES(12,'premier-ball',33,200,NULL,NULL);
INSERT INTO items VALUES(13,'dusk-ball',33,1000,NULL,NULL);
INSERT INTO items VALUES(14,'heal-ball',33,300,NULL,NULL);
INSERT INTO items VALUES(15,'quick-ball',33,1000,NULL,NULL);
INSERT INTO items VALUES(16,'cherish-ball',33,200,NULL,NULL);
INSERT INTO items VALUES(17,'potion',27,300,30,NULL);
INSERT INTO items VALUES(18,'antidote',30,100,30,NULL);
INSERT INTO items VALUES(19,'burn-heal',30,250,30,NULL);
INSERT INTO items VALUES(20,'ice-heal',30,250,30,NULL);
INSERT INTO items VALUES(21,'awakening',30,250,30,NULL);
INSERT INTO items VALUES(22,'paralyze-heal',30,200,30,NULL);
INSERT INTO items VALUES(23,'full-restore',27,3000,30,NULL);
INSERT INTO items VALUES(24,'max-potion',27,2500,30,NULL);
INSERT INTO items VALUES(25,'hyper-potion',27,1200,30,NULL);
INSERT INTO items VALUES(26,'super-potion',27,700,30,NULL);
INSERT INTO items VALUES(27,'full-heal',30,600,30,NULL);
INSERT INTO items VALUES(28,'revive',29,1500,30,NULL);
INSERT INTO items VALUES(29,'max-revive',29,4000,30,NULL);
INSERT INTO items VALUES(30,'fresh-water',27,200,30,NULL);
INSERT INTO items VALUES(31,'soda-pop',27,300,30,NULL);
INSERT INTO items VALUES(32,'lemonade',27,350,30,NULL);
INSERT INTO items VALUES(33,'moomoo-milk',27,500,30,NULL);
INSERT INTO items VALUES(34,'energypowder',27,500,30,NULL);
INSERT INTO items VALUES(35,'energy-root',27,800,30,NULL);
INSERT INTO items VALUES(36,'heal-powder',30,450,30,NULL);
INSERT INTO items VALUES(37,'revival-herb',29,2800,30,NULL);
INSERT INTO items VALUES(38,'ether',28,1200,30,NULL);
INSERT INTO items VALUES(39,'max-ether',28,2000,30,NULL);
INSERT INTO items VALUES(40,'elixir',28,3000,30,NULL);
INSERT INTO items VALUES(41,'max-elixir',28,4500,30,NULL);
INSERT INTO items VALUES(42,'lava-cookie',30,200,30,NULL);
INSERT INTO items VALUES(43,'berry-juice',27,100,30,NULL);
INSERT INTO items VALUES(44,'sacred-ash',29,200,30,NULL);
INSERT INTO items VALUES(45,'hp-up',26,9800,30,NULL);
INSERT INTO items VALUES(46,'protein',26,9800,30,NULL);
INSERT INTO items VALUES(47,'iron',26,9800,30,NULL);
INSERT INTO items VALUES(48,'carbos',26,9800,30,NULL);
INSERT INTO items VALUES(49,'calcium',26,9800,30,NULL);
INSERT INTO items VALUES(50,'rare-candy',26,4800,30,NULL);
INSERT INTO items VALUES(51,'pp-up',26,9800,30,NULL);
INSERT INTO items VALUES(52,'zinc',26,9800,30,NULL);
INSERT INTO items VALUES(53,'pp-max',26,9800,30,NULL);
INSERT INTO items VALUES(54,'old-gateau',30,200,30,NULL);
INSERT INTO items VALUES(55,'guard-spec',1,700,30,NULL);
INSERT INTO items VALUES(56,'dire-hit',1,650,30,NULL);
INSERT INTO items VALUES(57,'x-attack',1,500,30,NULL);
INSERT INTO items VALUES(58,'x-defense',1,550,30,NULL);
INSERT INTO items VALUES(59,'x-speed',1,350,30,NULL);
INSERT INTO items VALUES(60,'x-accuracy',1,950,30,NULL);
INSERT INTO items VALUES(61,'x-special',1,350,30,NULL);
INSERT INTO items VALUES(62,'x-sp-def',1,350,30,NULL);
INSERT INTO items VALUES(63,'poke-doll',11,1000,30,NULL);
INSERT INTO items VALUES(64,'fluffy-tail',11,1000,30,NULL);
INSERT INTO items VALUES(65,'blue-flute',38,100,30,NULL);
INSERT INTO items VALUES(66,'yellow-flute',38,200,30,NULL);
INSERT INTO items VALUES(67,'red-flute',38,300,30,NULL);
INSERT INTO items VALUES(68,'black-flute',11,400,30,NULL);
INSERT INTO items VALUES(69,'white-flute',11,500,30,NULL);
INSERT INTO items VALUES(70,'shoal-salt',9,20,30,NULL);
INSERT INTO items VALUES(71,'shoal-shell',9,20,30,NULL);
INSERT INTO items VALUES(72,'red-shard',9,200,30,NULL);
INSERT INTO items VALUES(73,'blue-shard',9,200,30,NULL);
INSERT INTO items VALUES(74,'yellow-shard',9,200,30,NULL);
INSERT INTO items VALUES(75,'green-shard',9,200,30,NULL);
INSERT INTO items VALUES(76,'super-repel',11,500,30,NULL);
INSERT INTO items VALUES(77,'max-repel',11,700,30,NULL);
INSERT INTO items VALUES(78,'escape-rope',11,550,30,NULL);
INSERT INTO items VALUES(79,'repel',11,350,30,NULL);
INSERT INTO items VALUES(80,'sun-stone',10,2100,30,NULL);
INSERT INTO items VALUES(81,'moon-stone',10,2100,30,NULL);
INSERT INTO items VALUES(82,'fire-stone',10,2100,30,NULL);
INSERT INTO items VALUES(83,'thunderstone',10,2100,30,NULL);
INSERT INTO items VALUES(84,'water-stone',10,2100,30,NULL);
INSERT INTO items VALUES(85,'leaf-stone',10,2100,30,NULL);
INSERT INTO items VALUES(86,'tinymushroom',24,500,30,NULL);
INSERT INTO items VALUES(87,'big-mushroom',24,5000,30,NULL);
INSERT INTO items VALUES(88,'pearl',24,1400,30,NULL);
INSERT INTO items VALUES(89,'big-pearl',24,7500,30,NULL);
INSERT INTO items VALUES(90,'stardust',24,2000,30,NULL);
INSERT INTO items VALUES(91,'star-piece',24,9800,30,NULL);
INSERT INTO items VALUES(92,'nugget',24,10000,30,NULL);
INSERT INTO items VALUES(93,'heart-scale',9,100,30,NULL);
INSERT INTO items VALUES(94,'honey',35,100,30,NULL);
INSERT INTO items VALUES(95,'growth-mulch',32,200,30,NULL);
INSERT INTO items VALUES(96,'damp-mulch',32,200,30,NULL);
INSERT INTO items VALUES(97,'stable-mulch',32,200,30,NULL);
INSERT INTO items VALUES(98,'gooey-mulch',32,200,30,NULL);
INSERT INTO items VALUES(99,'root-fossil',35,1000,100,NULL);
INSERT INTO items VALUES(100,'claw-fossil',35,1000,100,NULL);
INSERT INTO items VALUES(101,'helix-fossil',35,1000,100,NULL);
INSERT INTO items VALUES(102,'dome-fossil',35,1000,100,NULL);
INSERT INTO items VALUES(103,'old-amber',35,1000,100,NULL);
INSERT INTO items VALUES(104,'armor-fossil',35,1000,100,NULL);
INSERT INTO items VALUES(105,'skull-fossil',35,1000,100,NULL);
INSERT INTO items VALUES(106,'rare-bone',24,10000,100,NULL);
INSERT INTO items VALUES(107,'shiny-stone',10,2100,80,NULL);
INSERT INTO items VALUES(108,'dusk-stone',10,2100,80,NULL);
INSERT INTO items VALUES(109,'dawn-stone',10,2100,80,NULL);
INSERT INTO items VALUES(110,'oval-stone',10,2100,80,NULL);
INSERT INTO items VALUES(111,'odd-keystone',35,2100,80,NULL);
INSERT INTO items VALUES(112,'adamant-orb',18,10000,60,NULL);
INSERT INTO items VALUES(113,'lustrous-orb',18,10000,60,NULL);
INSERT INTO items VALUES(114,'grass-mail',25,50,NULL,NULL);
INSERT INTO items VALUES(115,'flame-mail',25,50,NULL,NULL);
INSERT INTO items VALUES(116,'bubble-mail',25,50,NULL,NULL);
INSERT INTO items VALUES(117,'bloom-mail',25,50,NULL,NULL);
INSERT INTO items VALUES(118,'tunnel-mail',25,50,NULL,NULL);
INSERT INTO items VALUES(119,'steel-mail',25,50,NULL,NULL);
INSERT INTO items VALUES(120,'heart-mail',25,50,NULL,NULL);
INSERT INTO items VALUES(121,'snow-mail',25,50,NULL,NULL);
INSERT INTO items VALUES(122,'space-mail',25,50,NULL,NULL);
INSERT INTO items VALUES(123,'air-mail',25,50,NULL,NULL);
INSERT INTO items VALUES(124,'mosaic-mail',25,50,NULL,NULL);
INSERT INTO items VALUES(125,'brick-mail',25,50,NULL,NULL);
INSERT INTO items VALUES(126,'cheri-berry',3,20,10,3);
INSERT INTO items VALUES(127,'chesto-berry',3,20,10,3);
INSERT INTO items VALUES(128,'pecha-berry',3,20,10,3);
INSERT INTO items VALUES(129,'rawst-berry',3,20,10,3);
INSERT INTO items VALUES(130,'aspear-berry',3,20,10,3);
INSERT INTO items VALUES(131,'leppa-berry',3,20,10,3);
INSERT INTO items VALUES(132,'oran-berry',3,20,10,3);
INSERT INTO items VALUES(133,'persim-berry',3,20,10,3);
INSERT INTO items VALUES(134,'lum-berry',3,20,10,3);
INSERT INTO items VALUES(135,'sitrus-berry',3,20,10,3);
INSERT INTO items VALUES(136,'figy-berry',6,20,10,3);
INSERT INTO items VALUES(137,'wiki-berry',6,20,10,3);
INSERT INTO items VALUES(138,'mago-berry',6,20,10,3);
INSERT INTO items VALUES(139,'aguav-berry',6,20,10,3);
INSERT INTO items VALUES(140,'iapapa-berry',6,20,10,3);
INSERT INTO items VALUES(141,'razz-berry',8,20,10,NULL);
INSERT INTO items VALUES(142,'bluk-berry',8,20,10,NULL);
INSERT INTO items VALUES(143,'nanab-berry',8,20,10,NULL);
INSERT INTO items VALUES(144,'wepear-berry',8,20,10,NULL);
INSERT INTO items VALUES(145,'pinap-berry',8,20,10,NULL);
INSERT INTO items VALUES(146,'pomeg-berry',2,20,10,NULL);
INSERT INTO items VALUES(147,'kelpsy-berry',2,20,10,NULL);
INSERT INTO items VALUES(148,'qualot-berry',2,20,10,NULL);
INSERT INTO items VALUES(149,'hondew-berry',2,20,10,NULL);
INSERT INTO items VALUES(150,'grepa-berry',2,20,10,NULL);
INSERT INTO items VALUES(151,'tamato-berry',2,20,10,NULL);
INSERT INTO items VALUES(152,'cornn-berry',8,20,10,NULL);
INSERT INTO items VALUES(153,'magost-berry',8,20,10,NULL);
INSERT INTO items VALUES(154,'rabuta-berry',8,20,10,NULL);
INSERT INTO items VALUES(155,'nomel-berry',8,20,10,NULL);
INSERT INTO items VALUES(156,'spelon-berry',8,20,10,NULL);
INSERT INTO items VALUES(157,'pamtre-berry',8,20,10,NULL);
INSERT INTO items VALUES(158,'watmel-berry',8,20,10,NULL);
INSERT INTO items VALUES(159,'durin-berry',8,20,10,NULL);
INSERT INTO items VALUES(160,'belue-berry',8,20,10,NULL);
INSERT INTO items VALUES(161,'occa-berry',7,20,10,NULL);
INSERT INTO items VALUES(162,'passho-berry',7,20,10,NULL);
INSERT INTO items VALUES(163,'wacan-berry',7,20,10,NULL);
INSERT INTO items VALUES(164,'rindo-berry',7,20,10,NULL);
INSERT INTO items VALUES(165,'yache-berry',7,20,10,NULL);
INSERT INTO items VALUES(166,'chople-berry',7,20,10,NULL);
INSERT INTO items VALUES(167,'kebia-berry',7,20,10,NULL);
INSERT INTO items VALUES(168,'shuca-berry',7,20,10,NULL);
INSERT INTO items VALUES(169,'coba-berry',7,20,10,NULL);
INSERT INTO items VALUES(170,'payapa-berry',7,20,10,NULL);
INSERT INTO items VALUES(171,'tanga-berry',7,20,10,NULL);
INSERT INTO items VALUES(172,'charti-berry',7,20,10,NULL);
INSERT INTO items VALUES(173,'kasib-berry',7,20,10,NULL);
INSERT INTO items VALUES(174,'haban-berry',7,20,10,NULL);
INSERT INTO items VALUES(175,'colbur-berry',7,20,10,NULL);
INSERT INTO items VALUES(176,'babiri-berry',7,20,10,NULL);
INSERT INTO items VALUES(177,'chilan-berry',7,20,10,NULL);
INSERT INTO items VALUES(178,'liechi-berry',5,20,10,3);
INSERT INTO items VALUES(179,'ganlon-berry',5,20,10,3);
INSERT INTO items VALUES(180,'salac-berry',5,20,10,3);
INSERT INTO items VALUES(181,'petaya-berry',5,20,10,3);
INSERT INTO items VALUES(182,'apicot-berry',5,20,10,3);
INSERT INTO items VALUES(183,'lansat-berry',5,20,10,3);
INSERT INTO items VALUES(184,'starf-berry',5,20,10,3);
INSERT INTO items VALUES(185,'enigma-berry',4,20,10,NULL);
INSERT INTO items VALUES(186,'micle-berry',5,20,10,3);
INSERT INTO items VALUES(187,'custap-berry',5,20,10,NULL);
INSERT INTO items VALUES(188,'jaboca-berry',4,20,10,NULL);
INSERT INTO items VALUES(189,'rowap-berry',4,20,10,NULL);
INSERT INTO items VALUES(190,'brightpowder',12,10,10,NULL);
INSERT INTO items VALUES(191,'white-herb',12,100,10,4);
INSERT INTO items VALUES(192,'macho-brace',14,3000,60,NULL);
INSERT INTO items VALUES(193,'exp-share',16,3000,30,NULL);
INSERT INTO items VALUES(194,'quick-claw',12,100,80,NULL);
INSERT INTO items VALUES(195,'soothe-bell',16,100,10,NULL);
INSERT INTO items VALUES(196,'mental-herb',12,100,10,4);
INSERT INTO items VALUES(197,'choice-band',13,100,10,NULL);
INSERT INTO items VALUES(198,'kings-rock',12,100,30,7);
INSERT INTO items VALUES(199,'silverpowder',19,100,10,NULL);
INSERT INTO items VALUES(200,'amulet-coin',16,100,30,NULL);
INSERT INTO items VALUES(201,'cleanse-tag',16,200,30,NULL);
INSERT INTO items VALUES(202,'soul-dew',18,200,30,NULL);
INSERT INTO items VALUES(203,'deepseatooth',18,200,90,NULL);
INSERT INTO items VALUES(204,'deepseascale',18,200,30,NULL);
INSERT INTO items VALUES(205,'smoke-ball',12,200,30,NULL);
INSERT INTO items VALUES(206,'everstone',16,200,30,NULL);
INSERT INTO items VALUES(207,'focus-band',12,200,10,NULL);
INSERT INTO items VALUES(208,'lucky-egg',16,200,30,NULL);
INSERT INTO items VALUES(209,'scope-lens',12,200,30,NULL);
INSERT INTO items VALUES(210,'metal-coat',19,100,30,NULL);
INSERT INTO items VALUES(211,'leftovers',12,200,10,NULL);
INSERT INTO items VALUES(212,'dragon-scale',10,2100,30,NULL);
INSERT INTO items VALUES(213,'light-ball',18,100,30,5);
INSERT INTO items VALUES(214,'soft-sand',19,100,10,NULL);
INSERT INTO items VALUES(215,'hard-stone',19,100,100,NULL);
INSERT INTO items VALUES(216,'miracle-seed',19,100,30,NULL);
INSERT INTO items VALUES(217,'blackglasses',19,100,30,NULL);
INSERT INTO items VALUES(218,'black-belt',19,100,30,NULL);
INSERT INTO items VALUES(219,'magnet',19,100,30,NULL);
INSERT INTO items VALUES(220,'mystic-water',19,100,30,NULL);
INSERT INTO items VALUES(221,'sharp-beak',19,100,50,NULL);
INSERT INTO items VALUES(222,'poison-barb',19,100,70,6);
INSERT INTO items VALUES(223,'never-melt-ice',19,100,30,NULL);
INSERT INTO items VALUES(224,'spell-tag',19,100,30,NULL);
INSERT INTO items VALUES(225,'twistedspoon',19,100,30,NULL);
INSERT INTO items VALUES(226,'charcoal',19,9800,30,NULL);
INSERT INTO items VALUES(227,'dragon-fang',19,100,70,NULL);
INSERT INTO items VALUES(228,'silk-scarf',19,100,10,NULL);
INSERT INTO items VALUES(229,'up-grade',10,2100,30,NULL);
INSERT INTO items VALUES(230,'shell-bell',12,200,30,NULL);
INSERT INTO items VALUES(231,'sea-incense',19,9600,10,NULL);
INSERT INTO items VALUES(232,'lax-incense',12,9600,10,NULL);
INSERT INTO items VALUES(233,'lucky-punch',18,10,40,NULL);
INSERT INTO items VALUES(234,'metal-powder',18,10,10,NULL);
INSERT INTO items VALUES(235,'thick-club',18,500,90,NULL);
INSERT INTO items VALUES(236,'stick',18,200,60,NULL);
INSERT INTO items VALUES(237,'red-scarf',36,100,10,NULL);
INSERT INTO items VALUES(238,'blue-scarf',36,100,10,NULL);
INSERT INTO items VALUES(239,'pink-scarf',36,100,10,NULL);
INSERT INTO items VALUES(240,'green-scarf',36,100,10,NULL);
INSERT INTO items VALUES(241,'yellow-scarf',36,100,10,NULL);
INSERT INTO items VALUES(242,'wide-lens',12,200,10,NULL);
INSERT INTO items VALUES(243,'muscle-band',12,200,10,NULL);
INSERT INTO items VALUES(244,'wise-glasses',12,200,10,NULL);
INSERT INTO items VALUES(245,'expert-belt',12,200,10,NULL);
INSERT INTO items VALUES(246,'light-clay',12,200,30,NULL);
INSERT INTO items VALUES(247,'life-orb',12,200,30,NULL);
INSERT INTO items VALUES(248,'power-herb',12,100,10,NULL);
INSERT INTO items VALUES(249,'toxic-orb',15,100,30,1);
INSERT INTO items VALUES(250,'flame-orb',15,100,30,2);
INSERT INTO items VALUES(251,'quick-powder',18,10,10,NULL);
INSERT INTO items VALUES(252,'focus-sash',12,200,10,NULL);
INSERT INTO items VALUES(253,'zoom-lens',12,200,10,NULL);
INSERT INTO items VALUES(254,'metronome',12,200,30,NULL);
INSERT INTO items VALUES(255,'iron-ball',15,200,130,NULL);
INSERT INTO items VALUES(256,'lagging-tail',15,200,10,NULL);
INSERT INTO items VALUES(257,'destiny-knot',12,200,10,NULL);
INSERT INTO items VALUES(258,'black-sludge',12,200,30,NULL);
INSERT INTO items VALUES(259,'icy-rock',12,200,40,NULL);
INSERT INTO items VALUES(260,'smooth-rock',12,200,10,NULL);
INSERT INTO items VALUES(261,'heat-rock',12,200,60,NULL);
INSERT INTO items VALUES(262,'damp-rock',12,200,60,NULL);
INSERT INTO items VALUES(263,'grip-claw',12,200,90,NULL);
INSERT INTO items VALUES(264,'choice-scarf',13,200,10,NULL);
INSERT INTO items VALUES(265,'sticky-barb',15,200,80,NULL);
INSERT INTO items VALUES(266,'power-bracer',14,3000,70,NULL);
INSERT INTO items VALUES(267,'power-belt',14,3000,70,NULL);
INSERT INTO items VALUES(268,'power-lens',14,3000,70,NULL);
INSERT INTO items VALUES(269,'power-band',14,3000,70,NULL);
INSERT INTO items VALUES(270,'power-anklet',14,3000,70,NULL);
INSERT INTO items VALUES(271,'power-weight',14,3000,70,NULL);
INSERT INTO items VALUES(272,'shed-shell',12,100,10,NULL);
INSERT INTO items VALUES(273,'big-root',12,200,10,NULL);
INSERT INTO items VALUES(274,'choice-specs',13,200,10,NULL);
INSERT INTO items VALUES(275,'flame-plate',17,1000,90,NULL);
INSERT INTO items VALUES(276,'splash-plate',17,1000,90,NULL);
INSERT INTO items VALUES(277,'zap-plate',17,1000,90,NULL);
INSERT INTO items VALUES(278,'meadow-plate',17,1000,90,NULL);
INSERT INTO items VALUES(279,'icicle-plate',17,1000,90,NULL);
INSERT INTO items VALUES(280,'fist-plate',17,1000,90,NULL);
INSERT INTO items VALUES(281,'toxic-plate',17,1000,90,NULL);
INSERT INTO items VALUES(282,'earth-plate',17,1000,90,NULL);
INSERT INTO items VALUES(283,'sky-plate',17,1000,90,NULL);
INSERT INTO items VALUES(284,'mind-plate',17,1000,90,NULL);
INSERT INTO items VALUES(285,'insect-plate',17,1000,90,NULL);
INSERT INTO items VALUES(286,'stone-plate',17,1000,90,NULL);
INSERT INTO items VALUES(287,'spooky-plate',17,1000,90,NULL);
INSERT INTO items VALUES(288,'draco-plate',17,1000,90,NULL);
INSERT INTO items VALUES(289,'dread-plate',17,1000,90,NULL);
INSERT INTO items VALUES(290,'iron-plate',17,1000,90,NULL);
INSERT INTO items VALUES(291,'odd-incense',19,9600,10,NULL);
INSERT INTO items VALUES(292,'rock-incense',19,9600,10,NULL);
INSERT INTO items VALUES(293,'full-incense',15,9600,10,NULL);
INSERT INTO items VALUES(294,'wave-incense',19,9600,10,NULL);
INSERT INTO items VALUES(295,'rose-incense',19,9600,10,NULL);
INSERT INTO items VALUES(296,'luck-incense',16,9600,10,NULL);
INSERT INTO items VALUES(297,'pure-incense',16,9600,10,NULL);
INSERT INTO items VALUES(298,'protector',10,2100,80,NULL);
INSERT INTO items VALUES(299,'electirizer',10,2100,80,NULL);
INSERT INTO items VALUES(300,'magmarizer',10,2100,80,NULL);
INSERT INTO items VALUES(301,'dubious-disc',10,2100,50,NULL);
INSERT INTO items VALUES(302,'reaper-cloth',10,2100,10,NULL);
INSERT INTO items VALUES(303,'razor-claw',12,2100,80,NULL);
INSERT INTO items VALUES(304,'razor-fang',12,2100,30,7);
INSERT INTO items VALUES(305,'tm01',37,3000,NULL,NULL);
INSERT INTO items VALUES(306,'tm02',37,3000,NULL,NULL);
INSERT INTO items VALUES(307,'tm03',37,3000,NULL,NULL);
INSERT INTO items VALUES(308,'tm04',37,1500,NULL,NULL);
INSERT INTO items VALUES(309,'tm05',37,1000,NULL,NULL);
INSERT INTO items VALUES(310,'tm06',37,3000,NULL,NULL);
INSERT INTO items VALUES(311,'tm07',37,2000,NULL,NULL);
INSERT INTO items VALUES(312,'tm08',37,1500,NULL,NULL);
INSERT INTO items VALUES(313,'tm09',37,2000,NULL,NULL);
INSERT INTO items VALUES(314,'tm10',37,2000,NULL,NULL);
INSERT INTO items VALUES(315,'tm11',37,2000,NULL,NULL);
INSERT INTO items VALUES(316,'tm12',37,1500,NULL,NULL);
INSERT INTO items VALUES(317,'tm13',37,3000,NULL,NULL);
INSERT INTO items VALUES(318,'tm14',37,5500,NULL,NULL);
INSERT INTO items VALUES(319,'tm15',37,7500,NULL,NULL);
INSERT INTO items VALUES(320,'tm16',37,2000,NULL,NULL);
INSERT INTO items VALUES(321,'tm17',37,2000,NULL,NULL);
INSERT INTO items VALUES(322,'tm18',37,2000,NULL,NULL);
INSERT INTO items VALUES(323,'tm19',37,3000,NULL,NULL);
INSERT INTO items VALUES(324,'tm20',37,2000,NULL,NULL);
INSERT INTO items VALUES(325,'tm21',37,1000,NULL,NULL);
INSERT INTO items VALUES(326,'tm22',37,3000,NULL,NULL);
INSERT INTO items VALUES(327,'tm23',37,3000,NULL,NULL);
INSERT INTO items VALUES(328,'tm24',37,3000,NULL,NULL);
INSERT INTO items VALUES(329,'tm25',37,5500,NULL,NULL);
INSERT INTO items VALUES(330,'tm26',37,3000,NULL,NULL);
INSERT INTO items VALUES(331,'tm27',37,1000,NULL,NULL);
INSERT INTO items VALUES(332,'tm28',37,2000,NULL,NULL);
INSERT INTO items VALUES(333,'tm29',37,3000,NULL,NULL);
INSERT INTO items VALUES(334,'tm30',37,3000,NULL,NULL);
INSERT INTO items VALUES(335,'tm31',37,3000,NULL,NULL);
INSERT INTO items VALUES(336,'tm32',37,1000,NULL,NULL);
INSERT INTO items VALUES(337,'tm33',37,2000,NULL,NULL);
INSERT INTO items VALUES(338,'tm34',37,3000,NULL,NULL);
INSERT INTO items VALUES(339,'tm35',37,3000,NULL,NULL);
INSERT INTO items VALUES(340,'tm36',37,3000,NULL,NULL);
INSERT INTO items VALUES(341,'tm37',37,2000,NULL,NULL);
INSERT INTO items VALUES(342,'tm38',37,5500,NULL,NULL);
INSERT INTO items VALUES(343,'tm39',37,2000,NULL,NULL);
INSERT INTO items VALUES(344,'tm40',37,3000,NULL,NULL);
INSERT INTO items VALUES(345,'tm41',37,1500,NULL,NULL);
INSERT INTO items VALUES(346,'tm42',37,3000,NULL,NULL);
INSERT INTO items VALUES(347,'tm43',37,2000,NULL,NULL);
INSERT INTO items VALUES(348,'tm44',37,3000,NULL,NULL);
INSERT INTO items VALUES(349,'tm45',37,3000,NULL,NULL);
INSERT INTO items VALUES(350,'tm46',37,2000,NULL,NULL);
INSERT INTO items VALUES(351,'tm47',37,3000,NULL,NULL);
INSERT INTO items VALUES(352,'tm48',37,3000,NULL,NULL);
INSERT INTO items VALUES(353,'tm49',37,1500,NULL,NULL);
INSERT INTO items VALUES(354,'tm50',37,5500,NULL,NULL);
INSERT INTO items VALUES(355,'tm51',37,2000,NULL,NULL);
INSERT INTO items VALUES(356,'tm52',37,5500,NULL,NULL);
INSERT INTO items VALUES(357,'tm53',37,3000,NULL,NULL);
INSERT INTO items VALUES(358,'tm54',37,2000,NULL,NULL);
INSERT INTO items VALUES(359,'tm55',37,3000,NULL,NULL);
INSERT INTO items VALUES(360,'tm56',37,2000,NULL,NULL);
INSERT INTO items VALUES(361,'tm57',37,3000,NULL,NULL);
INSERT INTO items VALUES(362,'tm58',37,2000,NULL,NULL);
INSERT INTO items VALUES(363,'tm59',37,3000,NULL,NULL);
INSERT INTO items VALUES(364,'tm60',37,3000,NULL,NULL);
INSERT INTO items VALUES(365,'tm61',37,2000,NULL,NULL);
INSERT INTO items VALUES(366,'tm62',37,3000,NULL,NULL);
INSERT INTO items VALUES(367,'tm63',37,2000,NULL,NULL);
INSERT INTO items VALUES(368,'tm64',37,7500,NULL,NULL);
INSERT INTO items VALUES(369,'tm65',37,3000,NULL,NULL);
INSERT INTO items VALUES(370,'tm66',37,3000,NULL,NULL);
INSERT INTO items VALUES(371,'tm67',37,1000,NULL,NULL);
INSERT INTO items VALUES(372,'tm68',37,7500,NULL,NULL);
INSERT INTO items VALUES(373,'tm69',37,1500,NULL,NULL);
INSERT INTO items VALUES(374,'tm70',37,1000,NULL,NULL);
INSERT INTO items VALUES(375,'tm71',37,3000,NULL,NULL);
INSERT INTO items VALUES(376,'tm72',37,3000,NULL,NULL);
INSERT INTO items VALUES(377,'tm73',37,2000,NULL,NULL);
INSERT INTO items VALUES(378,'tm74',37,3000,NULL,NULL);
INSERT INTO items VALUES(379,'tm75',37,1500,NULL,NULL);
INSERT INTO items VALUES(380,'tm76',37,2000,NULL,NULL);
INSERT INTO items VALUES(381,'tm77',37,1500,NULL,NULL);
INSERT INTO items VALUES(382,'tm78',37,1500,NULL,NULL);
INSERT INTO items VALUES(383,'tm79',37,3000,NULL,NULL);
INSERT INTO items VALUES(384,'tm80',37,3000,NULL,NULL);
INSERT INTO items VALUES(385,'tm81',37,3000,NULL,NULL);
INSERT INTO items VALUES(386,'tm82',37,1000,NULL,NULL);
INSERT INTO items VALUES(387,'tm83',37,2000,NULL,NULL);
INSERT INTO items VALUES(388,'tm84',37,3000,NULL,NULL);
INSERT INTO items VALUES(389,'tm85',37,3000,NULL,NULL);
INSERT INTO items VALUES(390,'tm86',37,3000,NULL,NULL);
INSERT INTO items VALUES(391,'tm87',37,1500,NULL,NULL);
INSERT INTO items VALUES(392,'tm88',37,3000,NULL,NULL);
INSERT INTO items VALUES(393,'tm89',37,3000,NULL,NULL);
INSERT INTO items VALUES(394,'tm90',37,2000,NULL,NULL);
INSERT INTO items VALUES(395,'tm91',37,3000,NULL,NULL);
INSERT INTO items VALUES(396,'tm92',37,5500,NULL,NULL);
INSERT INTO items VALUES(397,'hm01',37,0,NULL,NULL);
INSERT INTO items VALUES(398,'hm02',37,0,NULL,NULL);
INSERT INTO items VALUES(399,'hm03',37,0,NULL,NULL);
INSERT INTO items VALUES(400,'hm04',37,0,NULL,NULL);
INSERT INTO items VALUES(401,'hm05',37,0,NULL,NULL);
INSERT INTO items VALUES(402,'hm06',37,0,NULL,NULL);
INSERT INTO items VALUES(403,'hm07',37,0,NULL,NULL);
INSERT INTO items VALUES(404,'hm08',37,0,NULL,NULL);
INSERT INTO items VALUES(405,'explorer-kit',21,0,NULL,NULL);
INSERT INTO items VALUES(406,'loot-sack',23,0,NULL,NULL);
INSERT INTO items VALUES(407,'rule-book',23,0,NULL,NULL);
INSERT INTO items VALUES(408,'poke-radar',21,0,NULL,NULL);
INSERT INTO items VALUES(409,'point-card',21,0,NULL,NULL);
INSERT INTO items VALUES(410,'journal',21,0,NULL,NULL);
INSERT INTO items VALUES(411,'seal-case',21,0,NULL,NULL);
INSERT INTO items VALUES(412,'fashion-case',21,0,NULL,NULL);
INSERT INTO items VALUES(413,'seal-bag',23,0,NULL,NULL);
INSERT INTO items VALUES(414,'pal-pad',21,0,NULL,NULL);
INSERT INTO items VALUES(415,'works-key',22,0,NULL,NULL);
INSERT INTO items VALUES(416,'old-charm',22,0,NULL,NULL);
INSERT INTO items VALUES(417,'galactic-key',22,0,NULL,NULL);
INSERT INTO items VALUES(418,'red-chain',23,0,NULL,NULL);
INSERT INTO items VALUES(419,'town-map',21,0,NULL,NULL);
INSERT INTO items VALUES(420,'vs-seeker',21,0,NULL,NULL);
INSERT INTO items VALUES(421,'coin-case',21,0,NULL,NULL);
INSERT INTO items VALUES(422,'old-rod',21,0,NULL,NULL);
INSERT INTO items VALUES(423,'good-rod',21,0,NULL,NULL);
INSERT INTO items VALUES(424,'super-rod',21,0,NULL,NULL);
INSERT INTO items VALUES(425,'sprayduck',21,0,NULL,NULL);
INSERT INTO items VALUES(426,'poffin-case',21,0,NULL,NULL);
INSERT INTO items VALUES(427,'bicycle',21,0,NULL,NULL);
INSERT INTO items VALUES(428,'suite-key',20,0,NULL,NULL);
INSERT INTO items VALUES(429,'oaks-letter',20,0,NULL,NULL);
INSERT INTO items VALUES(430,'lunar-wing',20,0,NULL,NULL);
INSERT INTO items VALUES(431,'member-card',20,0,NULL,NULL);
INSERT INTO items VALUES(432,'azure-flute',20,0,NULL,NULL);
INSERT INTO items VALUES(433,'ss-ticket',22,0,NULL,NULL);
INSERT INTO items VALUES(434,'contest-pass',21,0,NULL,NULL);
INSERT INTO items VALUES(435,'magma-stone',22,0,NULL,NULL);
INSERT INTO items VALUES(436,'parcel',22,0,NULL,NULL);
INSERT INTO items VALUES(437,'coupon-1',22,0,NULL,NULL);
INSERT INTO items VALUES(438,'coupon-2',22,0,NULL,NULL);
INSERT INTO items VALUES(439,'coupon-3',22,0,NULL,NULL);
INSERT INTO items VALUES(440,'storage-key',22,0,NULL,NULL);
INSERT INTO items VALUES(441,'secretpotion',22,0,NULL,NULL);
INSERT INTO items VALUES(442,'griseous-orb',18,10000,NULL,NULL);
INSERT INTO items VALUES(443,'vs-recorder',21,0,NULL,NULL);
INSERT INTO items VALUES(444,'gracidea',20,0,NULL,NULL);
INSERT INTO items VALUES(445,'secret-key',20,0,NULL,NULL);
INSERT INTO items VALUES(446,'apricorn-box',21,0,NULL,NULL);
INSERT INTO items VALUES(447,'berry-pots',21,0,NULL,NULL);
INSERT INTO items VALUES(448,'squirtbottle',22,0,NULL,NULL);
INSERT INTO items VALUES(449,'lure-ball',39,300,NULL,NULL);
INSERT INTO items VALUES(450,'level-ball',39,300,NULL,NULL);
INSERT INTO items VALUES(451,'moon-ball',39,300,NULL,NULL);
INSERT INTO items VALUES(452,'heavy-ball',39,300,NULL,NULL);
INSERT INTO items VALUES(453,'fast-ball',39,300,NULL,NULL);
INSERT INTO items VALUES(454,'friend-ball',39,300,NULL,NULL);
INSERT INTO items VALUES(455,'love-ball',39,300,NULL,NULL);
INSERT INTO items VALUES(456,'park-ball',34,0,NULL,NULL);
INSERT INTO items VALUES(457,'sport-ball',34,0,NULL,NULL);
INSERT INTO items VALUES(458,'red-apricorn',40,0,NULL,NULL);
INSERT INTO items VALUES(459,'blu-apricorn',40,0,NULL,NULL);
INSERT INTO items VALUES(460,'ylw-apricorn',40,0,NULL,NULL);
INSERT INTO items VALUES(461,'grn-apricorn',40,0,NULL,NULL);
INSERT INTO items VALUES(462,'pnk-apricorn',40,0,NULL,NULL);
INSERT INTO items VALUES(463,'wht-apricorn',40,0,NULL,NULL);
INSERT INTO items VALUES(464,'blk-apricorn',40,0,NULL,NULL);
INSERT INTO items VALUES(465,'dowsing-machine',21,0,NULL,NULL);
INSERT INTO items VALUES(466,'ragecandybar',21,0,NULL,NULL);
INSERT INTO items VALUES(467,'red-orb',22,0,NULL,NULL);
INSERT INTO items VALUES(468,'blue-orb',22,0,NULL,NULL);
INSERT INTO items VALUES(469,'jade-orb',22,0,NULL,NULL);
INSERT INTO items VALUES(470,'enigma-stone',20,0,NULL,NULL);
INSERT INTO items VALUES(471,'unown-report',21,0,NULL,NULL);
INSERT INTO items VALUES(472,'blue-card',21,0,NULL,NULL);
INSERT INTO items VALUES(473,'slowpoketail',23,0,NULL,NULL);
INSERT INTO items VALUES(474,'clear-bell',22,0,NULL,NULL);
INSERT INTO items VALUES(475,'card-key',22,0,NULL,NULL);
INSERT INTO items VALUES(476,'basement-key',22,0,NULL,NULL);
INSERT INTO items VALUES(477,'red-scale',22,0,NULL,NULL);
INSERT INTO items VALUES(478,'lost-item',22,0,NULL,NULL);
INSERT INTO items VALUES(479,'pass',22,0,NULL,NULL);
INSERT INTO items VALUES(480,'machine-part',22,0,NULL,NULL);
INSERT INTO items VALUES(481,'silver-wing',22,0,NULL,NULL);
INSERT INTO items VALUES(482,'rainbow-wing',22,0,NULL,NULL);
INSERT INTO items VALUES(483,'mystery-egg',22,0,NULL,NULL);
INSERT INTO items VALUES(484,'gb-sounds',21,0,NULL,NULL);
INSERT INTO items VALUES(485,'tidal-bell',22,0,NULL,NULL);
INSERT INTO items VALUES(486,'data-card-01',41,0,NULL,NULL);
INSERT INTO items VALUES(487,'data-card-02',41,0,NULL,NULL);
INSERT INTO items VALUES(488,'data-card-03',41,0,NULL,NULL);
INSERT INTO items VALUES(489,'data-card-04',41,0,NULL,NULL);
INSERT INTO items VALUES(490,'data-card-05',41,0,NULL,NULL);
INSERT INTO items VALUES(491,'data-card-06',41,0,NULL,NULL);
INSERT INTO items VALUES(492,'data-card-07',41,0,NULL,NULL);
INSERT INTO items VALUES(493,'data-card-08',41,0,NULL,NULL);
INSERT INTO items VALUES(494,'data-card-09',41,0,NULL,NULL);
INSERT INTO items VALUES(495,'data-card-10',41,0,NULL,NULL);
INSERT INTO items VALUES(496,'data-card-11',41,0,NULL,NULL);
INSERT INTO items VALUES(497,'data-card-12',41,0,NULL,NULL);
INSERT INTO items VALUES(498,'data-card-13',41,0,NULL,NULL);
INSERT INTO items VALUES(499,'data-card-14',41,0,NULL,NULL);
INSERT INTO items VALUES(500,'data-card-15',41,0,NULL,NULL);
INSERT INTO items VALUES(501,'data-card-16',41,0,NULL,NULL);
INSERT INTO items VALUES(502,'data-card-17',41,0,NULL,NULL);
INSERT INTO items VALUES(503,'data-card-18',41,0,NULL,NULL);
INSERT INTO items VALUES(504,'data-card-19',41,0,NULL,NULL);
INSERT INTO items VALUES(505,'data-card-20',41,0,NULL,NULL);
INSERT INTO items VALUES(506,'data-card-21',41,0,NULL,NULL);
INSERT INTO items VALUES(507,'data-card-22',41,0,NULL,NULL);
INSERT INTO items VALUES(508,'data-card-23',41,0,NULL,NULL);
INSERT INTO items VALUES(509,'data-card-24',41,0,NULL,NULL);
INSERT INTO items VALUES(510,'data-card-25',41,0,NULL,NULL);
INSERT INTO items VALUES(511,'data-card-26',41,0,NULL,NULL);
INSERT INTO items VALUES(512,'data-card-27',41,0,NULL,NULL);
INSERT INTO items VALUES(513,'lock-capsule',23,0,NULL,NULL);
INSERT INTO items VALUES(514,'photo-album',23,0,NULL,NULL);
INSERT INTO items VALUES(515,'orange-mail',25,50,NULL,NULL);
INSERT INTO items VALUES(516,'harbor-mail',25,50,NULL,NULL);
INSERT INTO items VALUES(517,'glitter-mail',25,50,NULL,NULL);
INSERT INTO items VALUES(518,'mech-mail',25,50,NULL,NULL);
INSERT INTO items VALUES(519,'wood-mail',25,50,NULL,NULL);
INSERT INTO items VALUES(520,'wave-mail',25,50,NULL,NULL);
INSERT INTO items VALUES(521,'bead-mail',25,50,NULL,NULL);
INSERT INTO items VALUES(522,'shadow-mail',25,50,NULL,NULL);
INSERT INTO items VALUES(523,'tropic-mail',25,50,NULL,NULL);
INSERT INTO items VALUES(524,'dream-mail',25,50,NULL,NULL);
INSERT INTO items VALUES(525,'fab-mail',25,50,NULL,NULL);
INSERT INTO items VALUES(526,'retro-mail',25,0,NULL,NULL);
INSERT INTO items VALUES(527,'mach-bike',21,0,NULL,NULL);
INSERT INTO items VALUES(528,'acro-bike',21,0,NULL,NULL);
INSERT INTO items VALUES(529,'wailmer-pail',21,0,NULL,NULL);
INSERT INTO items VALUES(530,'devon-goods',22,0,NULL,NULL);
INSERT INTO items VALUES(531,'soot-sack',21,0,NULL,NULL);
INSERT INTO items VALUES(532,'pokeblock-case',21,0,NULL,NULL);
INSERT INTO items VALUES(533,'letter',22,0,NULL,NULL);
INSERT INTO items VALUES(534,'eon-ticket',20,0,NULL,NULL);
INSERT INTO items VALUES(535,'scanner',22,0,NULL,NULL);
INSERT INTO items VALUES(536,'go-goggles',21,0,NULL,NULL);
INSERT INTO items VALUES(537,'meteorite',22,0,NULL,NULL);
INSERT INTO items VALUES(538,'rm-1-key',22,0,NULL,NULL);
INSERT INTO items VALUES(539,'rm-2-key',22,0,NULL,NULL);
INSERT INTO items VALUES(540,'rm-4-key',22,0,NULL,NULL);
INSERT INTO items VALUES(541,'rm-6-key',22,0,NULL,NULL);
INSERT INTO items VALUES(542,'devon-scope',21,0,NULL,NULL);
INSERT INTO items VALUES(543,'oaks-parcel',22,0,NULL,NULL);
INSERT INTO items VALUES(544,'poke-flute',22,0,NULL,NULL);
INSERT INTO items VALUES(545,'bike-voucher',22,0,NULL,NULL);
INSERT INTO items VALUES(546,'gold-teeth',22,0,NULL,NULL);
INSERT INTO items VALUES(547,'lift-key',22,0,NULL,NULL);
INSERT INTO items VALUES(548,'silph-scope',22,0,NULL,NULL);
INSERT INTO items VALUES(549,'fame-checker',21,0,NULL,NULL);
INSERT INTO items VALUES(550,'tm-case',21,0,NULL,NULL);
INSERT INTO items VALUES(551,'berry-pouch',21,0,NULL,NULL);
INSERT INTO items VALUES(552,'teachy-tv',21,0,NULL,NULL);
INSERT INTO items VALUES(553,'tri-pass',22,0,NULL,NULL);
INSERT INTO items VALUES(554,'rainbow-pass',22,0,NULL,NULL);
INSERT INTO items VALUES(555,'tea',22,0,NULL,NULL);
INSERT INTO items VALUES(556,'mysticticket',20,0,NULL,NULL);
INSERT INTO items VALUES(557,'auroraticket',20,0,NULL,NULL);
INSERT INTO items VALUES(558,'powder-jar',21,0,NULL,NULL);
INSERT INTO items VALUES(559,'ruby',22,0,NULL,NULL);
INSERT INTO items VALUES(560,'sapphire',22,0,NULL,NULL);
INSERT INTO items VALUES(561,'magma-emblem',22,0,NULL,NULL);
INSERT INTO items VALUES(562,'old-sea-map',20,0,NULL,NULL);
INSERT INTO items VALUES(563,'douse-drive',18,1000,70,NULL);
INSERT INTO items VALUES(564,'shock-drive',18,1000,70,NULL);
INSERT INTO items VALUES(565,'burn-drive',18,1000,70,NULL);
INSERT INTO items VALUES(566,'chill-drive',18,1000,70,NULL);
INSERT INTO items VALUES(567,'sweet-heart',27,100,30,NULL);
INSERT INTO items VALUES(568,'greet-mail',25,50,NULL,NULL);
INSERT INTO items VALUES(569,'favored-mail',25,50,NULL,NULL);
INSERT INTO items VALUES(570,'rsvp-mail',25,50,NULL,NULL);
INSERT INTO items VALUES(571,'thanks-mail',25,50,NULL,NULL);
INSERT INTO items VALUES(572,'inquiry-mail',25,50,NULL,NULL);
INSERT INTO items VALUES(573,'like-mail',25,50,NULL,NULL);
INSERT INTO items VALUES(574,'reply-mail',25,50,NULL,NULL);
INSERT INTO items VALUES(575,'bridgemail-s',25,50,NULL,NULL);
INSERT INTO items VALUES(576,'bridgemail-d',25,50,NULL,NULL);
INSERT INTO items VALUES(577,'bridgemail-t',25,50,NULL,NULL);
INSERT INTO items VALUES(578,'bridgemail-v',25,50,NULL,NULL);
INSERT INTO items VALUES(579,'bridgemail-m',25,50,NULL,NULL);
INSERT INTO items VALUES(580,'prism-scale',10,500,30,NULL);
INSERT INTO items VALUES(581,'eviolite',12,200,40,NULL);
INSERT INTO items VALUES(582,'float-stone',12,200,30,NULL);
INSERT INTO items VALUES(583,'rocky-helmet',12,200,60,NULL);
INSERT INTO items VALUES(584,'air-balloon',12,200,10,NULL);
INSERT INTO items VALUES(585,'red-card',12,200,10,NULL);
INSERT INTO items VALUES(586,'ring-target',12,200,10,NULL);
INSERT INTO items VALUES(587,'binding-band',12,200,30,NULL);
INSERT INTO items VALUES(588,'absorb-bulb',12,200,30,NULL);
INSERT INTO items VALUES(589,'cell-battery',12,200,30,NULL);
INSERT INTO items VALUES(590,'eject-button',12,200,30,NULL);
INSERT INTO items VALUES(591,'fire-gem',42,200,NULL,NULL);
INSERT INTO items VALUES(592,'water-gem',42,200,NULL,NULL);
INSERT INTO items VALUES(593,'electric-gem',42,200,NULL,NULL);
INSERT INTO items VALUES(594,'grass-gem',42,200,NULL,NULL);
INSERT INTO items VALUES(595,'ice-gem',42,200,NULL,NULL);
INSERT INTO items VALUES(596,'fighting-gem',42,200,NULL,NULL);
INSERT INTO items VALUES(597,'poison-gem',42,200,NULL,NULL);
INSERT INTO items VALUES(598,'ground-gem',42,200,NULL,NULL);
INSERT INTO items VALUES(599,'flying-gem',42,200,NULL,NULL);
INSERT INTO items VALUES(600,'psychic-gem',42,200,NULL,NULL);
INSERT INTO items VALUES(601,'bug-gem',42,200,NULL,NULL);
INSERT INTO items VALUES(602,'rock-gem',42,200,NULL,NULL);
INSERT INTO items VALUES(603,'ghost-gem',42,200,NULL,NULL);
INSERT INTO items VALUES(604,'dark-gem',42,200,NULL,NULL);
INSERT INTO items VALUES(605,'steel-gem',42,200,NULL,NULL);
INSERT INTO items VALUES(606,'health-wing',26,3000,20,NULL);
INSERT INTO items VALUES(607,'muscle-wing',26,3000,20,NULL);
INSERT INTO items VALUES(608,'resist-wing',26,3000,20,NULL);
INSERT INTO items VALUES(609,'genius-wing',26,3000,20,NULL);
INSERT INTO items VALUES(610,'clever-wing',26,3000,20,NULL);
INSERT INTO items VALUES(611,'swift-wing',26,3000,20,NULL);
INSERT INTO items VALUES(612,'pretty-wing',24,200,20,NULL);
INSERT INTO items VALUES(613,'cover-fossil',35,1000,100,NULL);
INSERT INTO items VALUES(614,'plume-fossil',35,1000,100,NULL);
INSERT INTO items VALUES(615,'liberty-pass',20,0,NULL,NULL);
INSERT INTO items VALUES(616,'pass-orb',12,200,30,NULL);
INSERT INTO items VALUES(617,'dream-ball',33,0,NULL,NULL);
INSERT INTO items VALUES(618,'poke-toy',11,1000,30,NULL);
INSERT INTO items VALUES(619,'prop-case',21,0,NULL,NULL);
INSERT INTO items VALUES(620,'dragon-skull',22,0,NULL,NULL);
INSERT INTO items VALUES(621,'balmmushroom',24,0,30,NULL);
INSERT INTO items VALUES(622,'big-nugget',24,0,30,NULL);
INSERT INTO items VALUES(623,'pearl-string',24,0,30,NULL);
INSERT INTO items VALUES(624,'comet-shard',24,0,30,NULL);
INSERT INTO items VALUES(625,'relic-copper',24,0,30,NULL);
INSERT INTO items VALUES(626,'relic-silver',24,0,30,NULL);
INSERT INTO items VALUES(627,'relic-gold',24,0,30,NULL);
INSERT INTO items VALUES(628,'relic-vase',24,0,30,NULL);
INSERT INTO items VALUES(629,'relic-band',24,0,30,NULL);
INSERT INTO items VALUES(630,'relic-statue',24,0,30,NULL);
INSERT INTO items VALUES(631,'relic-crown',24,0,30,NULL);
INSERT INTO items VALUES(632,'casteliacone',30,100,30,NULL);
INSERT INTO items VALUES(633,'dire-hit-2',43,0,NULL,NULL);
INSERT INTO items VALUES(634,'x-speed-2',43,0,NULL,NULL);
INSERT INTO items VALUES(635,'x-special-2',43,0,NULL,NULL);
INSERT INTO items VALUES(636,'x-sp-def-2',43,0,NULL,NULL);
INSERT INTO items VALUES(637,'x-defend-2',43,0,NULL,NULL);
INSERT INTO items VALUES(638,'x-attack-2',43,0,NULL,NULL);
INSERT INTO items VALUES(639,'x-accuracy-2',43,0,NULL,NULL);
INSERT INTO items VALUES(640,'x-speed-3',43,0,NULL,NULL);
INSERT INTO items VALUES(641,'x-special-3',43,0,NULL,NULL);
INSERT INTO items VALUES(642,'x-sp-def-3',43,0,NULL,NULL);
INSERT INTO items VALUES(643,'x-defend-3',43,0,NULL,NULL);
INSERT INTO items VALUES(644,'x-attack-3',43,0,NULL,NULL);
INSERT INTO items VALUES(645,'x-accuracy-3',43,0,NULL,NULL);
INSERT INTO items VALUES(646,'x-speed-6',43,0,NULL,NULL);
INSERT INTO items VALUES(647,'x-special-6',43,0,NULL,NULL);
INSERT INTO items VALUES(648,'x-sp-def-6',43,0,NULL,NULL);
INSERT INTO items VALUES(649,'x-defend-6',43,0,NULL,NULL);
INSERT INTO items VALUES(650,'x-attack-6',43,0,NULL,NULL);
INSERT INTO items VALUES(651,'x-accuracy-6',43,0,NULL,NULL);
INSERT INTO items VALUES(652,'ability-urge',43,0,NULL,NULL);
INSERT INTO items VALUES(653,'item-drop',43,0,NULL,NULL);
INSERT INTO items VALUES(654,'item-urge',43,0,NULL,NULL);
INSERT INTO items VALUES(655,'reset-urge',43,0,NULL,NULL);
INSERT INTO items VALUES(656,'dire-hit-3',43,0,NULL,NULL);
INSERT INTO items VALUES(657,'light-stone',22,0,NULL,NULL);
INSERT INTO items VALUES(658,'dark-stone',22,0,NULL,NULL);
INSERT INTO items VALUES(659,'tm93',37,10000,NULL,NULL);
INSERT INTO items VALUES(660,'tm94',37,10000,NULL,NULL);
INSERT INTO items VALUES(661,'tm95',37,10000,NULL,NULL);
INSERT INTO items VALUES(662,'xtransceiver',21,0,NULL,NULL);
INSERT INTO items VALUES(663,'god-stone',23,0,NULL,NULL);
INSERT INTO items VALUES(664,'gram-1',22,0,NULL,NULL);
INSERT INTO items VALUES(665,'gram-2',22,0,NULL,NULL);
INSERT INTO items VALUES(666,'gram-3',22,0,NULL,NULL);
INSERT INTO items VALUES(668,'dragon-gem',42,200,NULL,NULL);
INSERT INTO items VALUES(669,'normal-gem',42,200,NULL,NULL);
INSERT INTO items VALUES(670,'medal-box',21,0,NULL,NULL);
INSERT INTO items VALUES(671,'dna-splicers',21,0,NULL,NULL);
INSERT INTO items VALUES(673,'permit',21,0,NULL,NULL);
INSERT INTO items VALUES(674,'oval-charm',21,0,NULL,NULL);
INSERT INTO items VALUES(675,'shiny-charm',21,0,NULL,NULL);
INSERT INTO items VALUES(676,'plasma-card',22,0,NULL,NULL);
INSERT INTO items VALUES(677,'grubby-hanky',22,0,NULL,NULL);
INSERT INTO items VALUES(678,'colress-mchn',22,0,NULL,NULL);
INSERT INTO items VALUES(679,'dropped-item',22,0,NULL,NULL);
INSERT INTO items VALUES(681,'reveal-glass',21,0,NULL,NULL);
INSERT INTO items VALUES(682,'weakness-policy',12,0,NULL,NULL);
INSERT INTO items VALUES(683,'assault-vest',12,0,NULL,NULL);
INSERT INTO items VALUES(684,'pixie-plate',17,0,NULL,NULL);
INSERT INTO items VALUES(685,'ability-capsule',26,0,NULL,NULL);
INSERT INTO items VALUES(686,'whipped-dream',10,0,NULL,NULL);
INSERT INTO items VALUES(687,'sachet',10,0,NULL,NULL);
INSERT INTO items VALUES(688,'luminous-moss',12,0,NULL,NULL);
INSERT INTO items VALUES(689,'snowball',12,0,NULL,NULL);
INSERT INTO items VALUES(690,'safety-goggles',12,0,NULL,NULL);
INSERT INTO items VALUES(691,'rich-mulch',32,0,NULL,NULL);
INSERT INTO items VALUES(692,'surprise-mulch',32,0,NULL,NULL);
INSERT INTO items VALUES(693,'boost-mulch',32,0,NULL,NULL);
INSERT INTO items VALUES(694,'amaze-mulch',32,0,NULL,NULL);
INSERT INTO items VALUES(695,'gengarite',44,0,NULL,NULL);
INSERT INTO items VALUES(696,'gardevoirite',44,0,NULL,NULL);
INSERT INTO items VALUES(697,'ampharosite',44,0,NULL,NULL);
INSERT INTO items VALUES(698,'venusaurite',44,0,NULL,NULL);
INSERT INTO items VALUES(699,'charizardite-x',44,0,NULL,NULL);
INSERT INTO items VALUES(700,'blastoisinite',44,0,NULL,NULL);
INSERT INTO items VALUES(701,'mewtwonite-x',44,0,NULL,NULL);
INSERT INTO items VALUES(702,'mewtwonite-y',44,0,NULL,NULL);
INSERT INTO items VALUES(703,'blazikenite',44,0,NULL,NULL);
INSERT INTO items VALUES(704,'medichamite',44,0,NULL,NULL);
INSERT INTO items VALUES(705,'houndoominite',44,0,NULL,NULL);
INSERT INTO items VALUES(706,'aggronite',44,0,NULL,NULL);
INSERT INTO items VALUES(707,'banettite',44,0,NULL,NULL);
INSERT INTO items VALUES(708,'tyranitarite',44,0,NULL,NULL);
INSERT INTO items VALUES(709,'scizorite',44,0,NULL,NULL);
INSERT INTO items VALUES(710,'pinsirite',44,0,NULL,NULL);
INSERT INTO items VALUES(711,'aerodactylite',44,0,NULL,NULL);
INSERT INTO items VALUES(712,'lucarionite',44,0,NULL,NULL);
INSERT INTO items VALUES(713,'abomasite',44,0,NULL,NULL);
INSERT INTO items VALUES(714,'kangaskhanite',44,0,NULL,NULL);
INSERT INTO items VALUES(715,'gyaradosite',44,0,NULL,NULL);
INSERT INTO items VALUES(716,'absolite',44,0,NULL,NULL);
INSERT INTO items VALUES(717,'charizardite-y',44,0,NULL,NULL);
INSERT INTO items VALUES(718,'alakazite',44,0,NULL,NULL);
INSERT INTO items VALUES(719,'heracronite',44,0,NULL,NULL);
INSERT INTO items VALUES(720,'mawilite',44,0,NULL,NULL);
INSERT INTO items VALUES(721,'manectite',44,0,NULL,NULL);
INSERT INTO items VALUES(722,'garchompite',44,0,NULL,NULL);
INSERT INTO items VALUES(723,'roseli-berry',7,0,NULL,NULL);
INSERT INTO items VALUES(724,'kee-berry',4,0,NULL,NULL);
INSERT INTO items VALUES(725,'maranga-berry',4,0,NULL,NULL);
INSERT INTO items VALUES(726,'bargain-ticket',10001,0,NULL,NULL);
INSERT INTO items VALUES(727,'strange-souvenir',10001,0,NULL,NULL);
INSERT INTO items VALUES(728,'lumiose-galette',30,0,NULL,NULL);
INSERT INTO items VALUES(729,'jaw-fossil',35,0,NULL,NULL);
INSERT INTO items VALUES(730,'sail-fossil',35,0,NULL,NULL);
INSERT INTO items VALUES(731,'fairy-gem',42,0,NULL,NULL);
INSERT INTO items VALUES(732,'adventure-rules',21,0,NULL,NULL);
INSERT INTO items VALUES(733,'elevator-key',22,0,NULL,NULL);
INSERT INTO items VALUES(734,'holo-caster',21,0,NULL,NULL);
INSERT INTO items VALUES(735,'honor-of-kalos',22,0,NULL,NULL);
INSERT INTO items VALUES(736,'intriguing-stone',22,0,NULL,NULL);
INSERT INTO items VALUES(737,'lens-case',21,0,NULL,NULL);
INSERT INTO items VALUES(738,'looker-ticket',22,0,NULL,NULL);
INSERT INTO items VALUES(739,'mega-ring',21,0,NULL,NULL);
INSERT INTO items VALUES(740,'power-plant-pass',22,0,NULL,NULL);
INSERT INTO items VALUES(741,'profs-letter',22,0,NULL,NULL);
INSERT INTO items VALUES(742,'roller-skates',21,0,NULL,NULL);
INSERT INTO items VALUES(743,'sprinklotad',21,0,NULL,NULL);
INSERT INTO items VALUES(744,'tmv-pass',21,0,NULL,NULL);
INSERT INTO items VALUES(745,'tm96',37,0,NULL,NULL);
INSERT INTO items VALUES(746,'tm97',37,0,NULL,NULL);
INSERT INTO items VALUES(747,'tm98',37,0,NULL,NULL);
INSERT INTO items VALUES(748,'tm99',37,0,NULL,NULL);
INSERT INTO items VALUES(749,'tm100',37,0,NULL,NULL);

INSERT INTO evolution_chains VALUES(1,NULL);
INSERT INTO evolution_chains VALUES(2,NULL);
INSERT INTO evolution_chains VALUES(3,NULL);
INSERT INTO evolution_chains VALUES(4,NULL);
INSERT INTO evolution_chains VALUES(5,NULL);
INSERT INTO evolution_chains VALUES(6,NULL);
INSERT INTO evolution_chains VALUES(7,NULL);
INSERT INTO evolution_chains VALUES(8,NULL);
INSERT INTO evolution_chains VALUES(9,NULL);
INSERT INTO evolution_chains VALUES(10,NULL);
INSERT INTO evolution_chains VALUES(11,NULL);
INSERT INTO evolution_chains VALUES(12,NULL);
INSERT INTO evolution_chains VALUES(13,NULL);
INSERT INTO evolution_chains VALUES(14,NULL);
INSERT INTO evolution_chains VALUES(15,NULL);
INSERT INTO evolution_chains VALUES(16,NULL);
INSERT INTO evolution_chains VALUES(17,NULL);
INSERT INTO evolution_chains VALUES(18,NULL);
INSERT INTO evolution_chains VALUES(19,NULL);
INSERT INTO evolution_chains VALUES(20,NULL);
INSERT INTO evolution_chains VALUES(21,NULL);
INSERT INTO evolution_chains VALUES(22,NULL);
INSERT INTO evolution_chains VALUES(23,NULL);
INSERT INTO evolution_chains VALUES(24,NULL);
INSERT INTO evolution_chains VALUES(25,NULL);
INSERT INTO evolution_chains VALUES(26,NULL);
INSERT INTO evolution_chains VALUES(27,NULL);
INSERT INTO evolution_chains VALUES(28,NULL);
INSERT INTO evolution_chains VALUES(29,NULL);
INSERT INTO evolution_chains VALUES(30,NULL);
INSERT INTO evolution_chains VALUES(31,NULL);
INSERT INTO evolution_chains VALUES(32,NULL);
INSERT INTO evolution_chains VALUES(33,NULL);
INSERT INTO evolution_chains VALUES(34,NULL);
INSERT INTO evolution_chains VALUES(35,NULL);
INSERT INTO evolution_chains VALUES(36,NULL);
INSERT INTO evolution_chains VALUES(37,NULL);
INSERT INTO evolution_chains VALUES(38,NULL);
INSERT INTO evolution_chains VALUES(39,NULL);
INSERT INTO evolution_chains VALUES(40,NULL);
INSERT INTO evolution_chains VALUES(41,NULL);
INSERT INTO evolution_chains VALUES(42,NULL);
INSERT INTO evolution_chains VALUES(43,NULL);
INSERT INTO evolution_chains VALUES(44,NULL);
INSERT INTO evolution_chains VALUES(45,NULL);
INSERT INTO evolution_chains VALUES(46,NULL);
INSERT INTO evolution_chains VALUES(47,NULL);
INSERT INTO evolution_chains VALUES(48,NULL);
INSERT INTO evolution_chains VALUES(49,NULL);
INSERT INTO evolution_chains VALUES(50,NULL);
INSERT INTO evolution_chains VALUES(51,296);
INSERT INTO evolution_chains VALUES(52,NULL);
INSERT INTO evolution_chains VALUES(53,NULL);
INSERT INTO evolution_chains VALUES(54,NULL);
INSERT INTO evolution_chains VALUES(55,NULL);
INSERT INTO evolution_chains VALUES(56,NULL);
INSERT INTO evolution_chains VALUES(57,291);
INSERT INTO evolution_chains VALUES(58,NULL);
INSERT INTO evolution_chains VALUES(59,NULL);
INSERT INTO evolution_chains VALUES(60,NULL);
INSERT INTO evolution_chains VALUES(61,NULL);
INSERT INTO evolution_chains VALUES(62,NULL);
INSERT INTO evolution_chains VALUES(63,NULL);
INSERT INTO evolution_chains VALUES(64,NULL);
INSERT INTO evolution_chains VALUES(65,NULL);
INSERT INTO evolution_chains VALUES(66,NULL);
INSERT INTO evolution_chains VALUES(67,NULL);
INSERT INTO evolution_chains VALUES(68,NULL);
INSERT INTO evolution_chains VALUES(69,NULL);
INSERT INTO evolution_chains VALUES(70,NULL);
INSERT INTO evolution_chains VALUES(71,NULL);
INSERT INTO evolution_chains VALUES(72,293);
INSERT INTO evolution_chains VALUES(73,NULL);
INSERT INTO evolution_chains VALUES(74,NULL);
INSERT INTO evolution_chains VALUES(75,NULL);
INSERT INTO evolution_chains VALUES(76,NULL);
INSERT INTO evolution_chains VALUES(77,NULL);
INSERT INTO evolution_chains VALUES(78,NULL);
INSERT INTO evolution_chains VALUES(79,NULL);
INSERT INTO evolution_chains VALUES(80,NULL);
INSERT INTO evolution_chains VALUES(81,NULL);
INSERT INTO evolution_chains VALUES(82,NULL);
INSERT INTO evolution_chains VALUES(83,NULL);
INSERT INTO evolution_chains VALUES(84,NULL);
INSERT INTO evolution_chains VALUES(85,NULL);
INSERT INTO evolution_chains VALUES(86,NULL);
INSERT INTO evolution_chains VALUES(87,NULL);
INSERT INTO evolution_chains VALUES(88,NULL);
INSERT INTO evolution_chains VALUES(89,NULL);
INSERT INTO evolution_chains VALUES(90,231);
INSERT INTO evolution_chains VALUES(91,292);
INSERT INTO evolution_chains VALUES(92,NULL);
INSERT INTO evolution_chains VALUES(93,NULL);
INSERT INTO evolution_chains VALUES(94,NULL);
INSERT INTO evolution_chains VALUES(95,NULL);
INSERT INTO evolution_chains VALUES(96,NULL);
INSERT INTO evolution_chains VALUES(97,NULL);
INSERT INTO evolution_chains VALUES(98,NULL);
INSERT INTO evolution_chains VALUES(99,NULL);
INSERT INTO evolution_chains VALUES(100,232);
INSERT INTO evolution_chains VALUES(101,NULL);
INSERT INTO evolution_chains VALUES(102,NULL);
INSERT INTO evolution_chains VALUES(103,NULL);
INSERT INTO evolution_chains VALUES(104,NULL);
INSERT INTO evolution_chains VALUES(105,NULL);
INSERT INTO evolution_chains VALUES(106,NULL);
INSERT INTO evolution_chains VALUES(107,NULL);
INSERT INTO evolution_chains VALUES(108,NULL);
INSERT INTO evolution_chains VALUES(109,NULL);
INSERT INTO evolution_chains VALUES(110,NULL);
INSERT INTO evolution_chains VALUES(111,NULL);
INSERT INTO evolution_chains VALUES(112,NULL);
INSERT INTO evolution_chains VALUES(113,NULL);
INSERT INTO evolution_chains VALUES(114,NULL);
INSERT INTO evolution_chains VALUES(115,NULL);
INSERT INTO evolution_chains VALUES(116,294);
INSERT INTO evolution_chains VALUES(117,NULL);
INSERT INTO evolution_chains VALUES(118,NULL);
INSERT INTO evolution_chains VALUES(119,NULL);
INSERT INTO evolution_chains VALUES(120,NULL);
INSERT INTO evolution_chains VALUES(121,NULL);
INSERT INTO evolution_chains VALUES(122,NULL);
INSERT INTO evolution_chains VALUES(123,NULL);
INSERT INTO evolution_chains VALUES(124,NULL);
INSERT INTO evolution_chains VALUES(125,NULL);
INSERT INTO evolution_chains VALUES(126,NULL);
INSERT INTO evolution_chains VALUES(127,NULL);
INSERT INTO evolution_chains VALUES(128,NULL);
INSERT INTO evolution_chains VALUES(129,NULL);
INSERT INTO evolution_chains VALUES(130,NULL);
INSERT INTO evolution_chains VALUES(131,NULL);
INSERT INTO evolution_chains VALUES(132,NULL);
INSERT INTO evolution_chains VALUES(133,NULL);
INSERT INTO evolution_chains VALUES(134,NULL);
INSERT INTO evolution_chains VALUES(135,NULL);
INSERT INTO evolution_chains VALUES(136,NULL);
INSERT INTO evolution_chains VALUES(137,NULL);
INSERT INTO evolution_chains VALUES(138,NULL);
INSERT INTO evolution_chains VALUES(139,NULL);
INSERT INTO evolution_chains VALUES(140,NULL);
INSERT INTO evolution_chains VALUES(141,NULL);
INSERT INTO evolution_chains VALUES(142,NULL);
INSERT INTO evolution_chains VALUES(143,NULL);
INSERT INTO evolution_chains VALUES(144,NULL);
INSERT INTO evolution_chains VALUES(145,NULL);
INSERT INTO evolution_chains VALUES(146,NULL);
INSERT INTO evolution_chains VALUES(147,NULL);
INSERT INTO evolution_chains VALUES(148,NULL);
INSERT INTO evolution_chains VALUES(149,NULL);
INSERT INTO evolution_chains VALUES(150,NULL);
INSERT INTO evolution_chains VALUES(151,NULL);
INSERT INTO evolution_chains VALUES(152,NULL);
INSERT INTO evolution_chains VALUES(153,NULL);
INSERT INTO evolution_chains VALUES(154,NULL);
INSERT INTO evolution_chains VALUES(155,NULL);
INSERT INTO evolution_chains VALUES(156,NULL);
INSERT INTO evolution_chains VALUES(157,NULL);
INSERT INTO evolution_chains VALUES(158,295);
INSERT INTO evolution_chains VALUES(159,NULL);
INSERT INTO evolution_chains VALUES(160,NULL);
INSERT INTO evolution_chains VALUES(161,NULL);
INSERT INTO evolution_chains VALUES(162,NULL);
INSERT INTO evolution_chains VALUES(163,NULL);
INSERT INTO evolution_chains VALUES(164,NULL);
INSERT INTO evolution_chains VALUES(165,NULL);
INSERT INTO evolution_chains VALUES(166,NULL);
INSERT INTO evolution_chains VALUES(167,NULL);
INSERT INTO evolution_chains VALUES(168,NULL);
INSERT INTO evolution_chains VALUES(169,NULL);
INSERT INTO evolution_chains VALUES(170,NULL);
INSERT INTO evolution_chains VALUES(171,NULL);
INSERT INTO evolution_chains VALUES(172,NULL);
INSERT INTO evolution_chains VALUES(173,NULL);
INSERT INTO evolution_chains VALUES(174,NULL);
INSERT INTO evolution_chains VALUES(175,NULL);
INSERT INTO evolution_chains VALUES(176,NULL);
INSERT INTO evolution_chains VALUES(177,NULL);
INSERT INTO evolution_chains VALUES(178,NULL);
INSERT INTO evolution_chains VALUES(179,NULL);
INSERT INTO evolution_chains VALUES(180,NULL);
INSERT INTO evolution_chains VALUES(181,NULL);
INSERT INTO evolution_chains VALUES(182,NULL);
INSERT INTO evolution_chains VALUES(183,NULL);
INSERT INTO evolution_chains VALUES(184,297);
INSERT INTO evolution_chains VALUES(185,NULL);
INSERT INTO evolution_chains VALUES(186,NULL);
INSERT INTO evolution_chains VALUES(187,NULL);
INSERT INTO evolution_chains VALUES(188,NULL);
INSERT INTO evolution_chains VALUES(189,NULL);
INSERT INTO evolution_chains VALUES(190,NULL);
INSERT INTO evolution_chains VALUES(191,NULL);
INSERT INTO evolution_chains VALUES(192,NULL);
INSERT INTO evolution_chains VALUES(193,NULL);
INSERT INTO evolution_chains VALUES(194,NULL);
INSERT INTO evolution_chains VALUES(195,NULL);
INSERT INTO evolution_chains VALUES(196,NULL);
INSERT INTO evolution_chains VALUES(197,NULL);
INSERT INTO evolution_chains VALUES(198,NULL);
INSERT INTO evolution_chains VALUES(199,NULL);
INSERT INTO evolution_chains VALUES(200,NULL);
INSERT INTO evolution_chains VALUES(201,NULL);
INSERT INTO evolution_chains VALUES(202,NULL);
INSERT INTO evolution_chains VALUES(203,NULL);
INSERT INTO evolution_chains VALUES(204,NULL);
INSERT INTO evolution_chains VALUES(205,NULL);
INSERT INTO evolution_chains VALUES(206,NULL);
INSERT INTO evolution_chains VALUES(207,NULL);
INSERT INTO evolution_chains VALUES(208,NULL);
INSERT INTO evolution_chains VALUES(209,NULL);
INSERT INTO evolution_chains VALUES(211,NULL);
INSERT INTO evolution_chains VALUES(212,NULL);
INSERT INTO evolution_chains VALUES(213,NULL);
INSERT INTO evolution_chains VALUES(214,NULL);
INSERT INTO evolution_chains VALUES(215,NULL);
INSERT INTO evolution_chains VALUES(216,NULL);
INSERT INTO evolution_chains VALUES(217,NULL);
INSERT INTO evolution_chains VALUES(218,NULL);
INSERT INTO evolution_chains VALUES(219,NULL);
INSERT INTO evolution_chains VALUES(220,NULL);
INSERT INTO evolution_chains VALUES(221,NULL);
INSERT INTO evolution_chains VALUES(223,NULL);
INSERT INTO evolution_chains VALUES(224,NULL);
INSERT INTO evolution_chains VALUES(228,NULL);
INSERT INTO evolution_chains VALUES(229,NULL);
INSERT INTO evolution_chains VALUES(230,NULL);
INSERT INTO evolution_chains VALUES(232,NULL);
INSERT INTO evolution_chains VALUES(233,NULL);
INSERT INTO evolution_chains VALUES(234,NULL);
INSERT INTO evolution_chains VALUES(235,NULL);
INSERT INTO evolution_chains VALUES(236,NULL);
INSERT INTO evolution_chains VALUES(237,NULL);
INSERT INTO evolution_chains VALUES(239,NULL);
INSERT INTO evolution_chains VALUES(240,NULL);
INSERT INTO evolution_chains VALUES(241,NULL);
INSERT INTO evolution_chains VALUES(242,NULL);
INSERT INTO evolution_chains VALUES(243,NULL);
INSERT INTO evolution_chains VALUES(244,NULL);
INSERT INTO evolution_chains VALUES(245,NULL);
INSERT INTO evolution_chains VALUES(246,NULL);
INSERT INTO evolution_chains VALUES(247,NULL);
INSERT INTO evolution_chains VALUES(248,NULL);
INSERT INTO evolution_chains VALUES(249,NULL);
INSERT INTO evolution_chains VALUES(250,NULL);
INSERT INTO evolution_chains VALUES(252,NULL);
INSERT INTO evolution_chains VALUES(253,NULL);
INSERT INTO evolution_chains VALUES(254,NULL);
INSERT INTO evolution_chains VALUES(255,NULL);
INSERT INTO evolution_chains VALUES(256,NULL);
INSERT INTO evolution_chains VALUES(257,NULL);
INSERT INTO evolution_chains VALUES(258,NULL);
INSERT INTO evolution_chains VALUES(259,NULL);
INSERT INTO evolution_chains VALUES(260,NULL);
INSERT INTO evolution_chains VALUES(261,NULL);
INSERT INTO evolution_chains VALUES(262,NULL);
INSERT INTO evolution_chains VALUES(263,NULL);
INSERT INTO evolution_chains VALUES(264,NULL);
INSERT INTO evolution_chains VALUES(265,NULL);
INSERT INTO evolution_chains VALUES(266,NULL);
INSERT INTO evolution_chains VALUES(267,NULL);
INSERT INTO evolution_chains VALUES(268,NULL);
INSERT INTO evolution_chains VALUES(269,NULL);
INSERT INTO evolution_chains VALUES(270,NULL);
INSERT INTO evolution_chains VALUES(271,NULL);
INSERT INTO evolution_chains VALUES(272,NULL);
INSERT INTO evolution_chains VALUES(273,NULL);
INSERT INTO evolution_chains VALUES(274,NULL);
INSERT INTO evolution_chains VALUES(275,NULL);
INSERT INTO evolution_chains VALUES(276,NULL);
INSERT INTO evolution_chains VALUES(277,NULL);
INSERT INTO evolution_chains VALUES(278,NULL);
INSERT INTO evolution_chains VALUES(279,NULL);
INSERT INTO evolution_chains VALUES(280,NULL);
INSERT INTO evolution_chains VALUES(281,NULL);
INSERT INTO evolution_chains VALUES(282,NULL);
INSERT INTO evolution_chains VALUES(283,NULL);
INSERT INTO evolution_chains VALUES(284,NULL);
INSERT INTO evolution_chains VALUES(285,NULL);
INSERT INTO evolution_chains VALUES(286,NULL);
INSERT INTO evolution_chains VALUES(287,NULL);
INSERT INTO evolution_chains VALUES(288,NULL);
INSERT INTO evolution_chains VALUES(289,NULL);
INSERT INTO evolution_chains VALUES(290,NULL);
INSERT INTO evolution_chains VALUES(291,NULL);
INSERT INTO evolution_chains VALUES(292,NULL);
INSERT INTO evolution_chains VALUES(293,NULL);
INSERT INTO evolution_chains VALUES(294,NULL);
INSERT INTO evolution_chains VALUES(295,NULL);
INSERT INTO evolution_chains VALUES(296,NULL);
INSERT INTO evolution_chains VALUES(297,NULL);
INSERT INTO evolution_chains VALUES(298,NULL);
INSERT INTO evolution_chains VALUES(299,NULL);
INSERT INTO evolution_chains VALUES(300,NULL);
INSERT INTO evolution_chains VALUES(301,NULL);
INSERT INTO evolution_chains VALUES(302,NULL);
INSERT INTO evolution_chains VALUES(303,NULL);
INSERT INTO evolution_chains VALUES(304,NULL);
INSERT INTO evolution_chains VALUES(305,NULL);
INSERT INTO evolution_chains VALUES(306,NULL);
INSERT INTO evolution_chains VALUES(307,NULL);
INSERT INTO evolution_chains VALUES(308,NULL);
INSERT INTO evolution_chains VALUES(309,NULL);
INSERT INTO evolution_chains VALUES(310,NULL);
INSERT INTO evolution_chains VALUES(311,NULL);
INSERT INTO evolution_chains VALUES(312,NULL);
INSERT INTO evolution_chains VALUES(313,NULL);
INSERT INTO evolution_chains VALUES(314,NULL);
INSERT INTO evolution_chains VALUES(315,NULL);
INSERT INTO evolution_chains VALUES(316,NULL);
INSERT INTO evolution_chains VALUES(317,NULL);
INSERT INTO evolution_chains VALUES(318,NULL);
INSERT INTO evolution_chains VALUES(319,NULL);
INSERT INTO evolution_chains VALUES(320,NULL);
INSERT INTO evolution_chains VALUES(321,NULL);
INSERT INTO evolution_chains VALUES(322,NULL);
INSERT INTO evolution_chains VALUES(323,NULL);
INSERT INTO evolution_chains VALUES(324,NULL);
INSERT INTO evolution_chains VALUES(325,NULL);
INSERT INTO evolution_chains VALUES(326,NULL);
INSERT INTO evolution_chains VALUES(327,NULL);
INSERT INTO evolution_chains VALUES(328,NULL);
INSERT INTO evolution_chains VALUES(329,NULL);
INSERT INTO evolution_chains VALUES(330,NULL);
INSERT INTO evolution_chains VALUES(331,NULL);
INSERT INTO evolution_chains VALUES(332,NULL);
INSERT INTO evolution_chains VALUES(333,NULL);
INSERT INTO evolution_chains VALUES(334,NULL);
INSERT INTO evolution_chains VALUES(335,NULL);
INSERT INTO evolution_chains VALUES(336,NULL);
INSERT INTO evolution_chains VALUES(337,NULL);
INSERT INTO evolution_chains VALUES(338,NULL);
INSERT INTO evolution_chains VALUES(339,NULL);
INSERT INTO evolution_chains VALUES(340,NULL);
INSERT INTO evolution_chains VALUES(341,NULL);
INSERT INTO evolution_chains VALUES(342,NULL);
INSERT INTO evolution_chains VALUES(343,NULL);
INSERT INTO evolution_chains VALUES(344,NULL);
INSERT INTO evolution_chains VALUES(345,NULL);
INSERT INTO evolution_chains VALUES(346,NULL);
INSERT INTO evolution_chains VALUES(347,NULL);
INSERT INTO evolution_chains VALUES(348,NULL);
INSERT INTO evolution_chains VALUES(349,NULL);
INSERT INTO evolution_chains VALUES(350,NULL);
INSERT INTO evolution_chains VALUES(351,NULL);
INSERT INTO evolution_chains VALUES(352,NULL);
INSERT INTO evolution_chains VALUES(353,NULL);
INSERT INTO evolution_chains VALUES(354,NULL);
INSERT INTO evolution_chains VALUES(355,NULL);
INSERT INTO evolution_chains VALUES(356,NULL);
INSERT INTO evolution_chains VALUES(357,NULL);
INSERT INTO evolution_chains VALUES(358,NULL);
INSERT INTO evolution_chains VALUES(359,NULL);
INSERT INTO evolution_chains VALUES(360,NULL);
INSERT INTO evolution_chains VALUES(361,NULL);
INSERT INTO evolution_chains VALUES(362,NULL);
INSERT INTO evolution_chains VALUES(363,NULL);
INSERT INTO evolution_chains VALUES(364,NULL);
INSERT INTO evolution_chains VALUES(365,NULL);
INSERT INTO evolution_chains VALUES(366,NULL);
INSERT INTO evolution_chains VALUES(367,NULL);
INSERT INTO evolution_chains VALUES(368,NULL);
INSERT INTO evolution_chains VALUES(369,NULL);
INSERT INTO evolution_chains VALUES(370,NULL);
